연도,분기,월,지하철역,호선명,00-06시,06-11시,11-14시,14-17시,17-21시,21-24시,위도,경도
2020,1,1,강남,2호선,64195,1390569,851787,1020723,1842601,807774,37.4974135,127.028008
2020,1,1,삼성(무역센터),2호선,20837,968174,439256,553549,1077187,279793,37.508844,127.06316
2020,1,1,선릉,2호선,23811,891141,372616,472332,898156,267683,37.504571,127.048505
2020,1,1,역삼,2호선,20816,1001912,343193,410819,900137,237617,37.500622,127.036456
2020,1,1,대청,3호선,8088,163454,74159,87450,159204,55764,37.493514,127.079532
2020,1,1,대치,3호선,6509,187050,111787,122559,198688,93025,37.494612,127.063642
2020,1,1,도곡,3호선,3672,101095,48639,51538,90531,26194,37.491073,127.055319
2020,1,1,매봉,3호선,4054,209435,79220,92194,195911,53893,37.486947,127.046769
2020,1,1,수서,3호선,12612,304169,162286,179818,310014,102146,37.487425,127.1016645
2020,1,1,신사,3호선,14256,461758,282175,357447,647566,218499,37.516334,127.020114
2020,1,1,압구정,3호선,10764,557720,321860,368939,623419,165146,37.527072,127.028461
2020,1,1,일원,3호선,5361,175509,103539,107555,134980,39243,37.483681,127.08439
2020,1,1,학여울,3호선,1091,36762,19342,22916,33216,8998,37.496663,127.070594
2020,1,1,강남구청,7호선,7433,313601,107171,125484,269799,86525,37.517324,127.041203
2020,1,1,논현,7호선,11761,378747,128999,158457,365304,127717,37.511093,127.021415
2020,1,1,청담,7호선,11174,435177,132019,156982,347842,92350,37.519365,127.05335
2020,1,1,학동,7호선,8937,486540,131613,160045,402848,95576,37.514229,127.031656
2020,1,1,신논현,9호선,20825,470349,277759,335003,667936,273824,37.504598,127.02506
2020,1,1,봉은사,9호선2~3단계,5038,282872,156034,180471,329234,91071,37.514219,127.060245
2020,1,1,삼성중앙,9호선2~3단계,2751,112203,42335,49981,116810,30598,37.513011,127.053282
2020,1,1,선정릉,9호선2~3단계,4366,164217,64845,72402,156466,47500,37.510516,127.043838
2020,1,1,언주,9호선2~3단계,5071,162792,69654,81449,170606,44536,37.507287,127.033868
2020,1,1,강남구청,분당선,2981,169846,80212,92840,181701,47469,37.517324,127.041203
2020,1,1,개포동,분당선,1772,63874,33913,35053,57124,23724,37.489116,127.06614
2020,1,1,구룡,분당선,833,26090,12575,16491,19975,6262,37.486839,127.058856
2020,1,1,대모산입구,분당선,3201,63813,27642,30871,47353,14856,37.491373,127.07272
2020,1,1,도곡,분당선,2707,113386,58317,64886,111571,33000,37.491073,127.055319
2020,1,1,선릉,분당선,3798,342287,105938,112244,247950,64106,37.504571,127.048505
2020,1,1,선정릉,분당선,2572,154745,59019,63209,137105,34063,37.510516,127.043838
2020,1,1,수서,분당선,7906,249186,129347,139832,253549,84777,37.487425,127.1016645
2020,1,1,압구정로데오,분당선,3842,266530,143754,172267,356196,89631,37.527381,127.040534
2020,1,1,한티,분당선,3815,232113,147331,150546,273394,100694,37.496237,127.052873
2020,1,2,강남,2호선,48872,1267395,673686,782257,1512726,608650,37.4974135,127.028008
2020,1,2,삼성(무역센터),2호선,18322,882312,309559,382980,893408,215225,37.508844,127.06316
2020,1,2,선릉,2호선,20643,838792,313685,403230,833708,221182,37.504571,127.048505
2020,1,2,역삼,2호선,18854,947110,286972,343687,826039,203820,37.500622,127.036456
2020,1,2,대청,3호선,6948,148434,58334,68288,136947,45299,37.493514,127.079532
2020,1,2,대치,3호선,5176,161753,84527,93328,163660,72709,37.494612,127.063642
2020,1,2,도곡,3호선,3018,89325,36047,38851,75627,20438,37.491073,127.055319
2020,1,2,매봉,3호선,3482,194785,58881,69334,175903,44109,37.486947,127.046769
2020,1,2,수서,3호선,10233,258461,115752,129750,249400,76353,37.487425,127.1016645
2020,1,2,신사,3호선,12044,437707,228154,283818,552949,177570,37.516334,127.020114
2020,1,2,압구정,3호선,8901,504022,241539,276556,521109,127931,37.527072,127.028461
2020,1,2,일원,3호선,4616,153405,74967,76795,111264,30606,37.483681,127.08439
2020,1,2,학여울,3호선,1014,31024,14216,17733,27077,7322,37.496663,127.070594
2020,1,2,강남구청,7호선,6681,303198,93537,110573,254352,77375,37.517324,127.041203
2020,1,2,논현,7호선,9762,362336,109218,132084,333386,107642,37.511093,127.021415
2020,1,2,청담,7호선,10501,412887,106775,130878,320602,78710,37.519365,127.05335
2020,1,2,학동,7호선,7521,461435,109670,133071,383958,84595,37.514229,127.031656
2020,1,2,신논현,9호선,15772,427698,216875,254185,545568,207643,37.504598,127.02506
2020,1,2,봉은사,9호선2~3단계,4230,251035,104164,118159,265436,69184,37.514219,127.060245
2020,1,2,삼성중앙,9호선2~3단계,2453,105389,33967,39779,105883,25716,37.513011,127.053282
2020,1,2,선정릉,9호선2~3단계,3644,153433,52370,56809,142842,40597,37.510516,127.043838
2020,1,2,언주,9호선2~3단계,4249,153327,56505,66279,150823,36462,37.507287,127.033868
2020,1,2,강남구청,분당선,2577,157095,66203,75278,163014,40663,37.517324,127.041203
2020,1,2,개포동,분당선,1451,55800,26110,26167,49265,19455,37.489116,127.06614
2020,1,2,구룡,분당선,765,25701,10302,13604,17072,4670,37.486839,127.058856
2020,1,2,대모산입구,분당선,3025,57608,20325,24169,42067,11592,37.491373,127.07272
2020,1,2,도곡,분당선,2319,101086,44131,48816,92718,25644,37.491073,127.055319
2020,1,2,선릉,분당선,3303,322885,89308,95273,229136,52034,37.504571,127.048505
2020,1,2,선정릉,분당선,2285,146861,45305,49079,127847,30363,37.510516,127.043838
2020,1,2,수서,분당선,6867,211861,94367,105285,208102,64125,37.487425,127.1016645
2020,1,2,압구정로데오,분당선,3317,252943,117544,140157,313623,75166,37.527381,127.040534
2020,1,2,한티,분당선,3195,201158,112479,113298,225249,79138,37.496237,127.052873
2020,1,3,강남,2호선,39488,1061561,459152,566449,1209795,447111,37.4974135,127.028008
2020,1,3,삼성(무역센터),2호선,16269,728679,202387,263677,691120,149425,37.508844,127.06316
2020,1,3,선릉,2호선,18316,749430,243748,334871,721523,178110,37.504571,127.048505
2020,1,3,역삼,2호선,17215,809567,218689,282017,682271,156950,37.500622,127.036456
2020,1,3,대청,3호선,6454,125177,41008,52756,114247,34393,37.493514,127.079532
2020,1,3,대치,3호선,4403,126779,51709,60817,116566,42371,37.494612,127.063642
2020,1,3,도곡,3호선,2438,73005,23477,28582,61325,15341,37.491073,127.055319
2020,1,3,매봉,3호선,3057,174078,42777,53871,154356,34987,37.486947,127.046769
2020,1,3,수서,3호선,8779,206407,77744,90210,197241,53273,37.487425,127.1016645
2020,1,3,신사,3호선,8946,382298,160117,209279,449945,136336,37.516334,127.020114
2020,1,3,압구정,3호선,7840,436210,170127,202719,433530,93641,37.527072,127.028461
2020,1,3,일원,3호선,4195,123931,51444,55581,88834,22376,37.483681,127.08439
2020,1,3,학여울,3호선,941,23980,7395,9954,20184,5434,37.496663,127.070594
2020,1,3,강남구청,7호선,6072,271144,72199,86188,224873,65312,37.517324,127.041203
2020,1,3,논현,7호선,8654,332524,88581,111421,300960,91466,37.511093,127.021415
2020,1,3,청담,7호선,9248,361427,77674,103789,275123,62237,37.519365,127.05335
2020,1,3,학동,7호선,6580,434434,81057,106703,355463,72801,37.514229,127.031656
2020,1,3,신논현,9호선,12403,365595,160423,194601,450454,157442,37.504598,127.02506
2020,1,3,봉은사,9호선2~3단계,3698,198447,66642,78353,199937,46389,37.514219,127.060245
2020,1,3,삼성중앙,9호선2~3단계,2080,92625,25289,30771,89551,20131,37.513011,127.053282
2020,1,3,선정릉,9호선2~3단계,3356,138753,39300,45034,127600,33149,37.510516,127.043838
2020,1,3,언주,9호선2~3단계,3627,138525,41823,51517,130215,29894,37.507287,127.033868
2020,1,3,강남구청,분당선,2097,136217,45743,53872,133414,31892,37.517324,127.041203
2020,1,3,개포동,분당선,1231,42605,15858,18938,40225,12986,37.489116,127.06614
2020,1,3,구룡,분당선,760,18942,6736,9105,14191,3538,37.486839,127.058856
2020,1,3,대모산입구,분당선,3127,49492,14350,19448,36709,8979,37.491373,127.07272
2020,1,3,도곡,분당선,2007,84039,28849,35250,75106,18215,37.491073,127.055319
2020,1,3,선릉,분당선,2974,289832,66892,78006,198775,42415,37.504571,127.048505
2020,1,3,선정릉,분당선,2003,132468,32690,38777,112920,25086,37.510516,127.043838
2020,1,3,수서,분당선,6046,165423,59703,72430,160495,45325,37.487425,127.1016645
2020,1,3,압구정로데오,분당선,2719,223057,89839,110030,264321,59995,37.527381,127.040534
2020,1,3,한티,분당선,2692,164552,70937,77403,170294,48244,37.496237,127.052873
2020,2,4,강남,2호선,21985,1093243,511099,622590,1311610,502468,37.4974135,127.028008
2020,2,4,삼성(무역센터),2호선,14080,754040,218909,282949,734365,155927,37.508844,127.06316
2020,2,4,선릉,2호선,10923,760520,267976,357963,751478,188808,37.504571,127.048505
2020,2,4,역삼,2호선,10701,816085,232319,294372,702388,158781,37.500622,127.036456
2020,2,4,대청,3호선,4307,129118,46137,58571,119532,38136,37.493514,127.079532
2020,2,4,대치,3호선,2649,132019,59315,70495,129765,56611,37.494612,127.063642
2020,2,4,도곡,3호선,2707,75784,26038,32797,63843,17289,37.491073,127.055319
2020,2,4,매봉,3호선,2134,172131,48267,59808,156794,37619,37.486947,127.046769
2020,2,4,수서,3호선,6337,224947,93779,109678,219900,62929,37.487425,127.1016645
2020,2,4,신사,3호선,4754,383362,174450,221795,472609,148464,37.516334,127.020114
2020,2,4,압구정,3호선,6630,442524,189079,224489,452534,102005,37.527072,127.028461
2020,2,4,일원,3호선,3198,134145,58789,63583,94714,25251,37.483681,127.08439
2020,2,4,학여울,3호선,606,25586,8587,11437,21945,6528,37.496663,127.070594
2020,2,4,강남구청,7호선,3791,272456,77739,92886,229651,67688,37.517324,127.041203
2020,2,4,논현,7호선,4928,332031,95985,118535,309500,96714,37.511093,127.021415
2020,2,4,청담,7호선,8592,364704,83942,110072,279300,65299,37.519365,127.05335
2020,2,4,학동,7호선,4220,424825,87554,113239,349913,72732,37.514229,127.031656
2020,2,4,신논현,9호선,7310,372008,179964,214950,484218,173242,37.504598,127.02506
2020,2,4,봉은사,9호선2~3단계,2237,208522,73730,85107,212382,47088,37.514219,127.060245
2020,2,4,삼성중앙,9호선2~3단계,1027,95100,27686,34248,93405,21775,37.513011,127.053282
2020,2,4,선정릉,9호선2~3단계,1937,141809,43895,49125,132865,34895,37.510516,127.043838
2020,2,4,언주,9호선2~3단계,2079,137735,45003,55757,131385,30446,37.507287,127.033868
2020,2,4,강남구청,분당선,2117,136142,51346,59843,138538,33382,37.517324,127.041203
2020,2,4,개포동,분당선,1163,45378,18248,21663,42213,14553,37.489116,127.06614
2020,2,4,구룡,분당선,649,20718,7904,10253,15203,4103,37.486839,127.058856
2020,2,4,대모산입구,분당선,3059,51564,16517,21578,38481,10177,37.491373,127.07272
2020,2,4,도곡,분당선,2178,84505,32309,39335,78071,20710,37.491073,127.055319
2020,2,4,선릉,분당선,3261,292214,73723,84649,204543,46138,37.504571,127.048505
2020,2,4,선정릉,분당선,2094,131136,36016,41560,114503,25713,37.510516,127.043838
2020,2,4,수서,분당선,6686,183629,74779,87447,183320,53674,37.487425,127.1016645
2020,2,4,압구정로데오,분당선,2730,229136,101573,122925,285681,66844,37.527381,127.040534
2020,2,4,한티,분당선,2781,171002,80568,88448,185604,61227,37.496237,127.052873
2020,2,5,강남,2호선,22455,1128341,579240,701687,1356883,518708,37.4974135,127.028008
2020,2,5,삼성(무역센터),2호선,13944,799552,270183,340842,802394,180743,37.508844,127.06316
2020,2,5,선릉,2호선,10885,783731,304127,391362,778059,205290,37.504571,127.048505
2020,2,5,역삼,2호선,10351,840529,263434,325010,731011,171623,37.500622,127.036456
2020,2,5,대청,3호선,4601,138990,55511,70824,129549,42716,37.493514,127.079532
2020,2,5,대치,3호선,3046,144434,71701,88150,152179,68620,37.494612,127.063642
2020,2,5,도곡,3호선,2991,83753,33722,40204,72709,20656,37.491073,127.055319
2020,2,5,매봉,3호선,2408,180064,59568,71418,167585,42069,37.486947,127.046769
2020,2,5,수서,3호선,7095,254263,119532,140914,251666,76551,37.487425,127.1016645
2020,2,5,신사,3호선,5236,393691,207134,265832,518345,166883,37.516334,127.020114
2020,2,5,압구정,3호선,7007,464916,225765,267551,488058,120098,37.527072,127.028461
2020,2,5,일원,3호선,3278,144143,66443,73323,102245,29522,37.483681,127.08439
2020,2,5,학여울,3호선,674,27933,11048,13452,25367,7484,37.496663,127.070594
2020,2,5,강남구청,7호선,3713,279963,90284,106446,240531,75232,37.517324,127.041203
2020,2,5,논현,7호선,5358,338473,108827,131986,318499,104180,37.511093,127.021415
2020,2,5,청담,7호선,8769,378816,100304,128663,296472,74781,37.519365,127.05335
2020,2,5,학동,7호선,4329,425873,106474,130981,355914,78912,37.514229,127.031656
2020,2,5,신논현,9호선,7543,391639,206304,245361,507108,183994,37.504598,127.02506
2020,2,5,봉은사,9호선2~3단계,2600,227727,92930,108282,237479,57379,37.514219,127.060245
2020,2,5,삼성중앙,9호선2~3단계,1070,99447,32725,39664,98934,24243,37.513011,127.053282
2020,2,5,선정릉,9호선2~3단계,2007,146803,52340,58412,138982,39405,37.510516,127.043838
2020,2,5,언주,9호선2~3단계,2228,140497,53679,63434,137825,33077,37.507287,127.033868
2020,2,5,강남구청,분당선,2374,143240,61549,71340,149243,37188,37.517324,127.041203
2020,2,5,개포동,분당선,1325,51023,23255,26345,47242,17293,37.489116,127.06614
2020,2,5,구룡,분당선,721,23570,9226,12309,17074,5528,37.486839,127.058856
2020,2,5,대모산입구,분당선,3210,57270,21555,25639,42960,11839,37.491373,127.07272
2020,2,5,도곡,분당선,2623,94192,41459,49701,89033,25838,37.491073,127.055319
2020,2,5,선릉,분당선,3389,299223,86013,95479,214687,51233,37.504571,127.048505
2020,2,5,선정릉,분당선,2218,132856,42989,49221,118577,28370,37.510516,127.043838
2020,2,5,수서,분당선,7274,207750,96079,111086,208994,64914,37.487425,127.1016645
2020,2,5,압구정로데오,분당선,3196,238621,118253,143139,313091,76897,37.527381,127.040534
2020,2,5,한티,분당선,3179,185971,99556,109224,211017,72213,37.496237,127.052873
2020,2,6,강남,2호선,22793,1235269,579166,689745,1449569,535091,37.4974135,127.028008
2020,2,6,삼성(무역센터),2호선,14365,931726,295669,368708,907550,199736,37.508844,127.06316
2020,2,6,선릉,2호선,11835,879962,310826,403253,865258,220188,37.504571,127.048505
2020,2,6,역삼,2호선,12094,953219,271316,334988,820807,183553,37.500622,127.036456
2020,2,6,대청,3호선,4873,163367,59880,78652,138657,44516,37.493514,127.079532
2020,2,6,대치,3호선,3316,158334,71306,91421,159218,68448,37.494612,127.063642
2020,2,6,도곡,3호선,3329,96349,36027,42599,79730,21230,37.491073,127.055319
2020,2,6,매봉,3호선,2613,206617,61328,74740,189636,45576,37.486947,127.046769
2020,2,6,수서,3호선,7818,285463,118422,140906,262140,77508,37.487425,127.1016645
2020,2,6,신사,3호선,5356,433450,202059,256592,553072,172988,37.516334,127.020114
2020,2,6,압구정,3호선,7315,509661,226246,265973,532257,129733,37.527072,127.028461
2020,2,6,일원,3호선,3506,168309,72195,80535,112361,30663,37.483681,127.08439
2020,2,6,학여울,3호선,710,36818,20325,23630,31829,8097,37.496663,127.070594
2020,2,6,강남구청,7호선,3830,312623,89332,107193,262008,79120,37.517324,127.041203
2020,2,6,논현,7호선,5298,374065,106405,129935,345659,110729,37.511093,127.021415
2020,2,6,청담,7호선,8963,425412,101517,130377,325394,78685,37.519365,127.05335
2020,2,6,학동,7호선,4957,481836,107312,134446,400849,84579,37.514229,127.031656
2020,2,6,신논현,9호선,7481,430828,207931,243833,546825,193495,37.504598,127.02506
2020,2,6,봉은사,9호선2~3단계,2862,262352,101926,117162,268848,63043,37.514219,127.060245
2020,2,6,삼성중앙,9호선2~3단계,1185,115405,34467,41495,112320,25749,37.513011,127.053282
2020,2,6,선정릉,9호선2~3단계,2003,166987,52213,59644,154473,42032,37.510516,127.043838
2020,2,6,언주,9호선2~3단계,2248,160826,55786,67228,155244,35199,37.507287,127.033868
2020,2,6,강남구청,분당선,2698,163216,63752,73417,168171,38928,37.517324,127.041203
2020,2,6,개포동,분당선,1329,57192,23726,27874,51418,18540,37.489116,127.06614
2020,2,6,구룡,분당선,718,31218,11445,14945,19737,6354,37.486839,127.058856
2020,2,6,대모산입구,분당선,3236,63119,20777,25939,46034,12258,37.491373,127.07272
2020,2,6,도곡,분당선,2606,108086,44300,52660,99251,26682,37.491073,127.055319
2020,2,6,선릉,분당선,3375,341331,88816,99483,241484,54200,37.504571,127.048505
2020,2,6,선정릉,분당선,2347,150577,42654,51027,131957,30235,37.510516,127.043838
2020,2,6,수서,분당선,7279,232638,96175,112241,220547,65211,37.487425,127.1016645
2020,2,6,압구정로데오,분당선,3652,262776,117011,142627,335327,80554,37.527381,127.040534
2020,2,6,한티,분당선,3227,207721,101190,112525,221267,70874,37.496237,127.052873
2020,3,7,강남,2호선,25033,1354648,676813,801644,1653691,645594,37.4974135,127.028008
2020,3,7,삼성(무역센터),2호선,15078,986452,326608,409262,981015,224905,37.508844,127.06316
2020,3,7,선릉,2호선,13071,925394,332309,430858,918971,240221,37.504571,127.048505
2020,3,7,역삼,2호선,12294,1016847,296619,365771,893258,209891,37.500622,127.036456
2020,3,7,대청,3호선,5179,172376,64518,84347,147574,48713,37.493514,127.079532
2020,3,7,대치,3호선,3503,169788,80700,101067,171115,77783,37.494612,127.063642
2020,3,7,도곡,3호선,3582,99906,38761,45615,84125,23487,37.491073,127.055319
2020,3,7,매봉,3호선,2977,217948,67360,81565,201721,49369,37.486947,127.046769
2020,3,7,수서,3호선,7820,301035,129284,151898,282750,84102,37.487425,127.1016645
2020,3,7,신사,3호선,5506,456986,223352,284309,600567,193080,37.516334,127.020114
2020,3,7,압구정,3호선,7533,540356,254469,298604,580307,144328,37.527072,127.028461
2020,3,7,일원,3호선,3594,178569,81082,89276,122613,34239,37.483681,127.08439
2020,3,7,학여울,3호선,743,37048,17157,20993,32431,8789,37.496663,127.070594
2020,3,7,강남구청,7호선,4157,324600,94519,112781,273781,84042,37.517324,127.041203
2020,3,7,논현,7호선,5516,386886,114099,139443,364956,120803,37.511093,127.021415
2020,3,7,청담,7호선,9653,438154,107914,137964,337404,83574,37.519365,127.05335
2020,3,7,학동,7호선,5468,505766,112843,142602,421124,88947,37.514229,127.031656
2020,3,7,신논현,9호선,8299,462088,233223,276082,610119,225379,37.504598,127.02506
2020,3,7,봉은사,9호선2~3단계,2953,282924,114157,133927,295116,70414,37.514219,127.060245
2020,3,7,삼성중앙,9호선2~3단계,1328,125249,36731,46055,123732,27666,37.513011,127.053282
2020,3,7,선정릉,9호선2~3단계,2102,174858,56443,64558,162527,44970,37.510516,127.043838
2020,3,7,언주,9호선2~3단계,2461,173544,60818,72749,167823,38153,37.507287,127.033868
2020,3,7,강남구청,분당선,2762,172593,67265,79444,177799,42586,37.517324,127.041203
2020,3,7,개포동,분당선,1632,63634,27469,31948,58127,21983,37.489116,127.06614
2020,3,7,구룡,분당선,756,33238,11961,15873,21953,6654,37.486839,127.058856
2020,3,7,대모산입구,분당선,3639,67354,22549,28395,48752,13132,37.491373,127.07272
2020,3,7,도곡,분당선,2637,114029,48012,58303,105673,29556,37.491073,127.055319
2020,3,7,선릉,분당선,3780,361031,95918,107620,257496,59656,37.504571,127.048505
2020,3,7,선정릉,분당선,2644,158365,46667,55786,140549,32256,37.510516,127.043838
2020,3,7,수서,분당선,7474,247801,104970,122798,238510,72481,37.487425,127.1016645
2020,3,7,압구정로데오,분당선,3940,283206,133723,162503,368404,91285,37.527381,127.040534
2020,3,7,한티,분당선,3370,221249,113986,125791,242735,79829,37.496237,127.052873
2020,3,8,강남,2호선,21514,1112272,566265,664722,1300679,468671,37.4974135,127.028008
2020,3,8,삼성(무역센터),2호선,12782,797857,285751,355222,797595,178391,37.508844,127.06316
2020,3,8,선릉,2호선,10864,749995,281310,354883,738651,186354,37.504571,127.048505
2020,3,8,역삼,2호선,10514,832250,250694,307912,726083,163190,37.500622,127.036456
2020,3,8,대청,3호선,4535,135397,55242,64766,123781,37754,37.493514,127.079532
2020,3,8,대치,3호선,3031,142808,75141,83897,148567,63304,37.494612,127.063642
2020,3,8,도곡,3호선,2705,81343,31530,35327,67741,18054,37.491073,127.055319
2020,3,8,매봉,3호선,2411,182273,56564,66670,167334,39586,37.486947,127.046769
2020,3,8,수서,3호선,6654,244838,112379,128749,235918,66320,37.487425,127.1016645
2020,3,8,신사,3호선,5229,386875,190365,235117,473179,145753,37.516334,127.020114
2020,3,8,압구정,3호선,6118,461850,219364,249367,481727,113772,37.527072,127.028461
2020,3,8,일원,3호선,3354,144439,69913,72042,101613,26417,37.483681,127.08439
2020,3,8,학여울,3호선,584,28045,11942,13883,24297,6442,37.496663,127.070594
2020,3,8,강남구청,7호선,3559,270761,84247,96479,229606,66896,37.517324,127.041203
2020,3,8,논현,7호선,4755,324533,100135,120137,300223,94081,37.511093,127.021415
2020,3,8,청담,7호선,7908,364386,94680,117099,278988,66711,37.519365,127.05335
2020,3,8,학동,7호선,4612,421973,95089,119101,350865,72514,37.514229,127.031656
2020,3,8,신논현,9호선,7386,386781,200834,236619,488296,168975,37.504598,127.02506
2020,3,8,봉은사,9호선2~3단계,2643,233728,105020,123220,248056,59331,37.514219,127.060245
2020,3,8,삼성중앙,9호선2~3단계,1064,103293,32144,38349,100841,22021,37.513011,127.053282
2020,3,8,선정릉,9호선2~3단계,1836,143947,47794,54106,134279,36432,37.510516,127.043838
2020,3,8,언주,9호선2~3단계,2347,149789,53528,64010,141659,33184,37.507287,127.033868
2020,3,8,강남구청,분당선,2263,141066,58099,66404,143492,33087,37.517324,127.041203
2020,3,8,개포동,분당선,1414,51159,23015,26027,47531,16387,37.489116,127.06614
2020,3,8,구룡,분당선,714,26026,10932,13521,17012,4540,37.486839,127.058856
2020,3,8,대모산입구,분당선,3430,54453,19119,24097,39536,10129,37.491373,127.07272
2020,3,8,도곡,분당선,2229,91455,40244,46518,87037,23080,37.491073,127.055319
2020,3,8,선릉,분당선,3004,290165,82614,88040,206340,46632,37.504571,127.048505
2020,3,8,선정릉,분당선,2201,131052,39213,45619,116331,25693,37.510516,127.043838
2020,3,8,수서,분당선,6334,200295,91544,103998,197074,57858,37.487425,127.1016645
2020,3,8,압구정로데오,분당선,3449,244486,119225,138678,304399,71155,37.527381,127.040534
2020,3,8,한티,분당선,2818,194546,106689,107735,215934,69964,37.496237,127.052873
2020,3,9,강남,2호선,18219,965626,424481,538452,1098152,323143,37.4974135,127.028008
2020,3,9,삼성(무역센터),2호선,11541,739437,217015,285264,685030,132639,37.508844,127.06316
2020,3,9,선릉,2호선,9706,720277,255290,338998,688094,146869,37.504571,127.048505
2020,3,9,역삼,2호선,10690,785031,218214,284082,664149,131465,37.500622,127.036456
2020,3,9,대청,3호선,4266,131639,47692,64784,116730,31903,37.493514,127.079532
2020,3,9,대치,3호선,2809,125908,61335,77407,130155,43821,37.494612,127.063642
2020,3,9,도곡,3호선,2050,80303,28782,35402,66335,15283,37.491073,127.055319
2020,3,9,매봉,3호선,2167,176806,50794,63557,161876,33860,37.486947,127.046769
2020,3,9,수서,3호선,6396,229344,95493,117204,218287,53683,37.487425,127.1016645
2020,3,9,신사,3호선,3898,372582,168614,218518,443905,117944,37.516334,127.020114
2020,3,9,압구정,3호선,5529,447254,196488,232860,458296,97695,37.527072,127.028461
2020,3,9,일원,3호선,3216,141075,61434,68982,96841,22863,37.483681,127.08439
2020,3,9,학여울,3호선,570,25857,8893,11909,22466,5421,37.496663,127.070594
2020,3,9,강남구청,7호선,3309,267712,77899,93406,224359,58248,37.517324,127.041203
2020,3,9,논현,7호선,3839,320395,89811,116787,291598,80248,37.511093,127.021415
2020,3,9,청담,7호선,7111,353809,85275,111557,271705,57599,37.519365,127.05335
2020,3,9,학동,7호선,4318,423961,87948,116604,344368,65416,37.514229,127.031656
2020,3,9,신논현,9호선,5308,357730,164122,203448,430887,126587,37.504598,127.02506
2020,3,9,봉은사,9호선2~3단계,2298,207772,72805,87563,205748,43722,37.514219,127.060245
2020,3,9,삼성중앙,9호선2~3단계,945,99156,28562,36001,94189,18091,37.513011,127.053282
2020,3,9,선정릉,9호선2~3단계,1664,142107,43214,51914,130622,31517,37.510516,127.043838
2020,3,9,언주,9호선2~3단계,2097,143304,46954,58590,132778,27889,37.507287,127.033868
2020,3,9,강남구청,분당선,2011,138026,52416,62085,135230,27771,37.517324,127.041203
2020,3,9,개포동,분당선,1550,47186,18890,24021,44369,12804,37.489116,127.06614
2020,3,9,구룡,분당선,643,26496,9793,13316,17969,5078,37.486839,127.058856
2020,3,9,대모산입구,분당선,3333,54741,18698,24096,40303,8879,37.491373,127.07272
2020,3,9,도곡,분당선,2167,91795,36262,45521,84018,19650,37.491073,127.055319
2020,3,9,선릉,분당선,2503,281300,73625,86562,194875,37404,37.504571,127.048505
2020,3,9,선정릉,분당선,1949,129510,34859,45412,111647,22496,37.510516,127.043838
2020,3,9,수서,분당선,6389,185008,75804,91668,180987,47109,37.487425,127.1016645
2020,3,9,압구정로데오,분당선,2658,231343,105359,126827,280310,57841,37.527381,127.040534
2020,3,9,한티,분당선,2703,179471,86845,97367,193831,52191,37.496237,127.052873
2020,4,10,강남,2호선,21293,1093819,541637,665622,1361562,509357,37.4974135,127.028008
2020,4,10,삼성(무역센터),2호선,13128,815635,274172,345531,796996,178805,37.508844,127.06316
2020,4,10,선릉,2호선,11095,770367,299013,379755,765701,193881,37.504571,127.048505
2020,4,10,역삼,2호선,10317,834928,249248,310032,729605,162154,37.500622,127.036456
2020,4,10,대청,3호선,4478,148302,59414,77989,131397,40778,37.493514,127.079532
2020,4,10,대치,3호선,3057,147761,77600,93220,158548,67353,37.494612,127.063642
2020,4,10,도곡,3호선,2697,87528,36000,42611,73818,19292,37.491073,127.055319
2020,4,10,매봉,3호선,2366,191595,64607,77039,178646,42431,37.486947,127.046769
2020,4,10,수서,3호선,7033,263148,124723,145009,251531,71852,37.487425,127.1016645
2020,4,10,신사,3호선,4853,394734,207221,267011,528068,162971,37.516334,127.020114
2020,4,10,압구정,3호선,6361,467340,230513,273377,510677,123422,37.527072,127.028461
2020,4,10,일원,3호선,3324,157873,75324,85067,108637,29490,37.483681,127.08439
2020,4,10,학여울,3호선,670,32534,16422,20408,29139,7349,37.496663,127.070594
2020,4,10,강남구청,7호선,3583,282688,91515,107669,244422,71179,37.517324,127.041203
2020,4,10,논현,7호선,4721,340514,106969,134027,325681,103856,37.511093,127.021415
2020,4,10,청담,7호선,7944,379109,101803,128176,293695,70509,37.519365,127.05335
2020,4,10,학동,7호선,4594,436865,105070,134299,363365,77518,37.514229,127.031656
2020,4,10,신논현,9호선,6966,397397,203733,248022,523516,182270,37.504598,127.02506
2020,4,10,봉은사,9호선2~3단계,2465,235873,96400,114220,241873,56290,37.514219,127.060245
2020,4,10,삼성중앙,9호선2~3단계,1053,108056,33836,41224,105449,23044,37.513011,127.053282
2020,4,10,선정릉,9호선2~3단계,1835,156159,53191,62281,146671,38824,37.510516,127.043838
2020,4,10,언주,9호선2~3단계,2271,149863,55674,66716,145021,33514,37.507287,127.033868
2020,4,10,강남구청,분당선,2373,149808,63478,73328,155371,35294,37.517324,127.041203
2020,4,10,개포동,분당선,1692,54153,24389,30956,51962,17793,37.489116,127.06614
2020,4,10,구룡,분당선,740,31415,12988,17331,22884,6003,37.486839,127.058856
2020,4,10,대모산입구,분당선,3519,60676,23070,27715,45228,11018,37.491373,127.07272
2020,4,10,도곡,분당선,2309,99455,44324,54704,92507,24305,37.491073,127.055319
2020,4,10,선릉,분당선,2965,298891,89424,98740,219562,49624,37.504571,127.048505
2020,4,10,선정릉,분당선,2207,136218,42397,50875,122082,26955,37.510516,127.043838
2020,4,10,수서,분당선,6830,214761,99886,113550,207299,61294,37.487425,127.1016645
2020,4,10,압구정로데오,분당선,3520,248105,123608,151893,325644,78292,37.527381,127.040534
2020,4,10,한티,분당선,2967,197842,107449,116110,225047,72284,37.496237,127.052873
2020,4,11,강남,2호선,20850,1170694,559610,686944,1404828,497393,37.4974135,127.028008
2020,4,11,삼성(무역센터),2호선,12638,874640,305329,376004,864169,183644,37.508844,127.06316
2020,4,11,선릉,2호선,10732,829756,315165,404504,820214,192628,37.504571,127.048505
2020,4,11,역삼,2호선,10823,911006,263791,328015,794818,172370,37.500622,127.036456
2020,4,11,대청,3호선,4428,156037,59203,80500,138639,40746,37.493514,127.079532
2020,4,11,대치,3호선,3177,155992,78041,97600,165986,68706,37.494612,127.063642
2020,4,11,도곡,3호선,2763,93606,36756,45139,79117,19192,37.491073,127.055319
2020,4,11,매봉,3호선,2521,206858,66942,81135,191390,43752,37.486947,127.046769
2020,4,11,수서,3호선,7236,279257,125093,150046,266894,71779,37.487425,127.1016645
2020,4,11,신사,3호선,4802,420258,211209,272409,542842,154818,37.516334,127.020114
2020,4,11,압구정,3호선,6232,489274,233018,276336,521487,119544,37.527072,127.028461
2020,4,11,일원,3호선,3463,164453,77383,86593,114282,29750,37.483681,127.08439
2020,4,11,학여울,3호선,688,35773,18576,22763,30862,7585,37.496663,127.070594
2020,4,11,강남구청,7호선,3610,300166,93855,110913,257469,71174,37.517324,127.041203
2020,4,11,논현,7호선,4709,361792,107818,135320,341431,102552,37.511093,127.021415
2020,4,11,청담,7호선,7713,403750,104869,134104,313507,71302,37.519365,127.05335
2020,4,11,학동,7호선,4700,469432,115778,145149,393184,79983,37.514229,127.031656
2020,4,11,신논현,9호선,6892,422536,209476,250370,536323,178088,37.504598,127.02506
2020,4,11,봉은사,9호선2~3단계,2526,259447,107527,125724,267935,58658,37.514219,127.060245
2020,4,11,삼성중앙,9호선2~3단계,1145,115775,34096,43014,111895,23674,37.513011,127.053282
2020,4,11,선정릉,9호선2~3단계,1778,164863,55900,64259,153725,38440,37.510516,127.043838
2020,4,11,언주,9호선2~3단계,2437,160041,60103,71462,153468,34770,37.507287,127.033868
2020,4,11,강남구청,분당선,2408,159039,66204,77217,163469,35890,37.517324,127.041203
2020,4,11,개포동,분당선,1823,59786,25976,32858,54402,17952,37.489116,127.06614
2020,4,11,구룡,분당선,749,34585,13295,18570,23447,6527,37.486839,127.058856
2020,4,11,대모산입구,분당선,3547,64209,22507,28408,46058,11022,37.491373,127.07272
2020,4,11,도곡,분당선,2391,103898,45543,56307,96999,24131,37.491073,127.055319
2020,4,11,선릉,분당선,2891,323919,92968,104052,235908,48681,37.504571,127.048505
2020,4,11,선정릉,분당선,2187,145371,43757,53997,130564,27560,37.510516,127.043838
2020,4,11,수서,분당선,6659,224540,101675,116783,218285,61440,37.487425,127.1016645
2020,4,11,압구정로데오,분당선,3197,260373,124169,153617,334798,75964,37.527381,127.040534
2020,4,11,한티,분당선,3086,204146,107062,118565,231442,71082,37.496237,127.052873
2020,4,12,강남,2호선,15803,949169,420307,541812,1010955,229837,37.4974135,127.028008
2020,4,12,삼성(무역센터),2호선,9464,698711,239032,304186,671121,111074,37.508844,127.06316
2020,4,12,선릉,2호선,8800,723301,265493,352336,676882,132526,37.504571,127.048505
2020,4,12,역삼,2호선,9981,779081,221685,289935,663393,118164,37.500622,127.036456
2020,4,12,대청,3호선,3863,132119,53021,65241,113823,26570,37.493514,127.079532
2020,4,12,대치,3호선,2861,127137,63599,75239,122249,34335,37.494612,127.063642
2020,4,12,도곡,3호선,1624,79044,29202,34671,64938,13074,37.491073,127.055319
2020,4,12,매봉,3호선,1847,183207,52596,67282,165418,29672,37.486947,127.046769
2020,4,12,수서,3호선,6117,219384,95510,112554,205973,45509,37.487425,127.1016645
2020,4,12,신사,3호선,3234,373541,174440,222769,415334,85124,37.516334,127.020114
2020,4,12,압구정,3호선,4580,441122,195255,233112,437268,75404,37.527072,127.028461
2020,4,12,일원,3호선,3093,139419,64353,70938,95484,18565,37.483681,127.08439
2020,4,12,학여울,3호선,626,24885,8993,11567,21306,4440,37.496663,127.070594
2020,4,12,강남구청,7호선,2789,263801,79685,96339,222015,49858,37.517324,127.041203
2020,4,12,논현,7호선,3363,320954,93400,119730,283391,65368,37.511093,127.021415
2020,4,12,청담,7호선,5946,352143,87693,115885,268872,50736,37.519365,127.05335
2020,4,12,학동,7호선,4233,423166,92532,123083,343523,59382,37.514229,127.031656
2020,4,12,신논현,9호선,4712,355527,169144,210351,406800,94010,37.504598,127.02506
2020,4,12,봉은사,9호선2~3단계,2137,205437,78275,96699,209168,36666,37.514219,127.060245
2020,4,12,삼성중앙,9호선2~3단계,967,99316,29064,36979,93157,17001,37.513011,127.053282
2020,4,12,선정릉,9호선2~3단계,1555,139984,44213,53122,126121,27469,37.510516,127.043838
2020,4,12,언주,9호선2~3단계,1880,141702,51347,61986,133049,25883,37.507287,127.033868
2020,4,12,강남구청,분당선,1788,137467,54300,64462,132434,24457,37.517324,127.041203
2020,4,12,개포동,분당선,1486,49684,19619,26771,44725,10766,37.489116,127.06614
2020,4,12,구룡,분당선,732,24340,9572,13627,17973,3504,37.486839,127.058856
2020,4,12,대모산입구,분당선,3115,55657,18915,25188,39820,7840,37.491373,127.07272
2020,4,12,도곡,분당선,2167,89038,37304,45248,81041,15779,37.491073,127.055319
2020,4,12,선릉,분당선,2234,282048,77729,88126,192794,34974,37.504571,127.048505
2020,4,12,선정릉,분당선,1796,125108,36424,44996,108715,20371,37.510516,127.043838
2020,4,12,수서,분당선,5375,175027,75733,86509,167140,40208,37.487425,127.1016645
2020,4,12,압구정로데오,분당선,1919,236278,102748,126861,271281,49109,37.527381,127.040534
2020,4,12,한티,분당선,2573,177266,87505,98512,186142,42784,37.496237,127.052873
2021,1,1,강남,2호선,15725,960066,454450,581905,1098640,299152,37.4974135,127.028008
2021,1,1,삼성(무역센터),2호선,8987,698446,233384,298492,702262,130301,37.508844,127.06316
2021,1,1,선릉,2호선,8597,708177,256513,343475,698728,158039,37.504571,127.048505
2021,1,1,역삼,2호선,9812,786675,225111,287093,693708,142085,37.500622,127.036456
2021,1,1,대청,3호선,3733,127367,51053,62000,119750,32141,37.493514,127.079532
2021,1,1,대치,3호선,2713,141728,70880,81559,135805,49078,37.494612,127.063642
2021,1,1,도곡,3호선,1791,80441,30205,35030,69230,17133,37.491073,127.055319
2021,1,1,매봉,3호선,1786,183170,55012,67854,173305,36603,37.486947,127.046769
2021,1,1,수서,3호선,5913,217447,95487,108910,213132,54169,37.487425,127.1016645
2021,1,1,신사,3호선,3254,381270,199604,253979,462632,108582,37.516334,127.020114
2021,1,1,압구정,3호선,4570,441206,211643,248184,453593,89179,37.527072,127.028461
2021,1,1,일원,3호선,3262,142096,69052,73933,100985,24344,37.483681,127.08439
2021,1,1,학여울,3호선,595,25628,9557,12351,22709,5890,37.496663,127.070594
2021,1,1,강남구청,7호선,2721,265503,80685,95690,229179,58167,37.517324,127.041203
2021,1,1,논현,7호선,3076,319684,98536,124346,292509,76573,37.511093,127.021415
2021,1,1,청담,7호선,5541,346738,89777,114526,271861,57417,37.519365,127.05335
2021,1,1,학동,7호선,3975,421005,94202,121620,353586,68092,37.514229,127.031656
2021,1,1,신논현,9호선,4705,360969,185008,228868,440125,117099,37.504598,127.02506
2021,1,1,봉은사,9호선2~3단계,1977,208507,78918,96908,217889,42140,37.514219,127.060245
2021,1,1,삼성중앙,9호선2~3단계,936,101222,30130,37700,100464,20707,37.513011,127.053282
2021,1,1,선정릉,9호선2~3단계,1640,141442,44502,53792,130937,31491,37.510516,127.043838
2021,1,1,언주,9호선2~3단계,1816,147781,53629,64828,141394,30590,37.507287,127.033868
2021,1,1,강남구청,분당선,1690,139691,55556,65026,141206,31857,37.517324,127.041203
2021,1,1,개포동,분당선,1433,48963,20115,25938,46221,13571,37.489116,127.06614
2021,1,1,구룡,분당선,756,22964,9525,12617,18046,4457,37.486839,127.058856
2021,1,1,대모산입구,분당선,2868,53835,18512,24169,39445,9462,37.491373,127.07272
2021,1,1,도곡,분당선,2143,89380,37866,45638,86953,20099,37.491073,127.055319
2021,1,1,선릉,분당선,2308,276920,76594,88669,201399,42703,37.504571,127.048505
2021,1,1,선정릉,분당선,1719,126254,36709,45114,115416,24459,37.510516,127.043838
2021,1,1,수서,분당선,5475,175486,74855,84503,171915,47362,37.487425,127.1016645
2021,1,1,압구정로데오,분당선,2005,237872,113550,139444,295925,61652,37.527381,127.040534
2021,1,1,한티,분당선,2520,185695,95916,103366,201087,57563,37.496237,127.052873
2021,1,2,강남,2호선,13840,944439,497067,625809,1142824,388839,37.4974135,127.028008
2021,1,2,삼성(무역센터),2호선,8537,670158,248071,314087,684010,147875,37.508844,127.06316
2021,1,2,선릉,2호선,7829,655395,256942,343896,661912,165456,37.504571,127.048505
2021,1,2,역삼,2호선,8914,743680,226844,287872,657054,151980,37.500622,127.036456
2021,1,2,대청,3호선,3587,121565,52519,63400,114815,35273,37.493514,127.079532
2021,1,2,대치,3호선,2569,134177,75573,86198,137489,56119,37.494612,127.063642
2021,1,2,도곡,3호선,1690,76385,31604,36482,65818,17652,37.491073,127.055319
2021,1,2,매봉,3호선,1565,171084,56365,68622,161744,38537,37.486947,127.046769
2021,1,2,수서,3호선,5485,215957,103052,117034,210968,59842,37.487425,127.1016645
2021,1,2,신사,3호선,3150,357630,205630,269859,471011,136173,37.516334,127.020114
2021,1,2,압구정,3호선,4256,418714,220935,260247,455296,106591,37.527072,127.028461
2021,1,2,일원,3호선,2894,131968,68136,72191,95494,25659,37.483681,127.08439
2021,1,2,학여울,3호선,541,25714,12561,15406,23246,5936,37.496663,127.070594
2021,1,2,강남구청,7호선,2612,248823,82373,96219,216784,62881,37.517324,127.041203
2021,1,2,논현,7호선,2932,299247,97667,123767,278576,86444,37.511093,127.021415
2021,1,2,청담,7호선,5297,329718,90874,115412,257631,59533,37.519365,127.05335
2021,1,2,학동,7호선,3781,393008,93722,120061,323680,69384,37.514229,127.031656
2021,1,2,신논현,9호선,4506,350308,200684,247713,452623,147804,37.504598,127.02506
2021,1,2,봉은사,9호선2~3단계,1954,202859,87727,104965,213239,46930,37.514219,127.060245
2021,1,2,삼성중앙,9호선2~3단계,853,97263,31392,38566,96522,21690,37.513011,127.053282
2021,1,2,선정릉,9호선2~3단계,1643,136392,47317,57105,127236,33396,37.510516,127.043838
2021,1,2,언주,9호선2~3단계,1818,139359,54457,65085,133138,31091,37.507287,127.033868
2021,1,2,강남구청,분당선,1589,130991,57663,67456,137075,33961,37.517324,127.041203
2021,1,2,개포동,분당선,1215,47328,21855,26433,44906,15071,37.489116,127.06614
2021,1,2,구룡,분당선,763,23111,9862,13736,18011,4590,37.486839,127.058856
2021,1,2,대모산입구,분당선,2676,50296,19641,23739,37803,9658,37.491373,127.07272
2021,1,2,도곡,분당선,1817,83369,39432,47240,82970,22146,37.491073,127.055319
2021,1,2,선릉,분당선,2259,253030,76381,88730,191246,42361,37.504571,127.048505
2021,1,2,선정릉,분당선,1707,120497,37693,46023,109233,24895,37.510516,127.043838
2021,1,2,수서,분당선,5243,174260,81913,91645,170997,51438,37.487425,127.1016645
2021,1,2,압구정로데오,분당선,1819,225488,125196,154884,300184,75620,37.527381,127.040534
2021,1,2,한티,분당선,2373,173206,99648,104523,193997,62652,37.496237,127.052873
2021,1,3,강남,2호선,17580,1197927,572009,702943,1401385,540833,37.4974135,127.028008
2021,1,3,삼성(무역센터),2호선,10707,879846,313248,388973,868444,200302,37.508844,127.06316
2021,1,3,선릉,2호선,9663,841653,322631,424849,838076,226877,37.504571,127.048505
2021,1,3,역삼,2호선,10456,956996,283446,351064,826257,200578,37.500622,127.036456
2021,1,3,대청,3호선,4508,160952,60291,82939,144236,45230,37.493514,127.079532
2021,1,3,대치,3호선,2949,164180,79078,101549,171877,75823,37.494612,127.063642
2021,1,3,도곡,3호선,1993,100295,38126,46831,83663,23163,37.491073,127.055319
2021,1,3,매봉,3호선,1973,216705,68857,82979,200481,49925,37.486947,127.046769
2021,1,3,수서,3호선,7024,285142,125578,151550,270258,78360,37.487425,127.1016645
2021,1,3,신사,3호선,4014,443828,222597,284083,552470,178799,37.516334,127.020114
2021,1,3,압구정,3호선,5598,517935,248860,294214,540798,133844,37.527072,127.028461
2021,1,3,일원,3호선,3536,172838,79880,91576,120077,32585,37.483681,127.08439
2021,1,3,학여울,3호선,729,34567,16942,20745,30109,7801,37.496663,127.070594
2021,1,3,강남구청,7호선,3309,320206,99319,117013,270782,83158,37.517324,127.041203
2021,1,3,논현,7호선,3464,377702,115480,143485,346735,114962,37.511093,127.021415
2021,1,3,청담,7호선,6851,419174,111274,139764,321338,78526,37.519365,127.05335
2021,1,3,학동,7호선,4619,495885,117087,145842,404033,93020,37.514229,127.031656
2021,1,3,신논현,9호선,5386,438646,229601,278453,550572,198099,37.504598,127.02506
2021,1,3,봉은사,9호선2~3단계,2632,264826,111352,131328,265370,62250,37.514219,127.060245
2021,1,3,삼성중앙,9호선2~3단계,1181,122605,37503,45583,118629,28168,37.513011,127.053282
2021,1,3,선정릉,9호선2~3단계,2120,177719,57434,67580,160537,43094,37.510516,127.043838
2021,1,3,언주,9호선2~3단계,2144,174351,64188,75695,161286,39958,37.507287,127.033868
2021,1,3,강남구청,분당선,2124,170596,70440,82865,173382,43495,37.517324,127.041203
2021,1,3,개포동,분당선,1669,62749,26837,33185,58163,19881,37.489116,127.06614
2021,1,3,구룡,분당선,1046,36600,12344,20298,25121,8643,37.486839,127.058856
2021,1,3,대모산입구,분당선,3052,64697,22492,29536,46845,12492,37.491373,127.07272
2021,1,3,도곡,분당선,2325,109638,48105,59283,103647,28516,37.491073,127.055319
2021,1,3,선릉,분당선,2996,327144,94149,108190,241198,58666,37.504571,127.048505
2021,1,3,선정릉,분당선,2072,153880,45614,55822,135846,32405,37.510516,127.043838
2021,1,3,수서,분당선,6644,227795,101016,117869,218673,65673,37.487425,127.1016645
2021,1,3,압구정로데오,분당선,2393,282158,144680,179224,362552,97858,37.527381,127.040534
2021,1,3,한티,분당선,3052,214570,107820,122888,237134,79849,37.496237,127.052873
2021,2,4,강남,2호선,16419,1181644,553191,667167,1351556,505467,37.4974135,127.028008
2021,2,4,삼성(무역센터),2호선,10657,864551,296254,357431,837538,186555,37.508844,127.06316
2021,2,4,선릉,2호선,9315,823935,322366,407748,813857,214327,37.504571,127.048505
2021,2,4,역삼,2호선,10119,950966,277894,344173,818412,185781,37.500622,127.036456
2021,2,4,대청,3호선,4329,161429,59849,81280,140667,44182,37.493514,127.079532
2021,2,4,대치,3호선,3041,161505,76965,97595,162204,67558,37.494612,127.063642
2021,2,4,도곡,3호선,2165,100524,38304,48079,81220,22220,37.491073,127.055319
2021,2,4,매봉,3호선,2124,218636,69421,82925,201227,48367,37.486947,127.046769
2021,2,4,수서,3호선,7023,288197,127636,150580,269879,77195,37.487425,127.1016645
2021,2,4,신사,3호선,4018,443197,210264,264896,534797,171958,37.516334,127.020114
2021,2,4,압구정,3호선,5705,510696,241004,282080,527451,132036,37.527072,127.028461
2021,2,4,일원,3호선,3451,174229,79394,90545,118963,31624,37.483681,127.08439
2021,2,4,학여울,3호선,828,37550,21419,25366,31917,7804,37.496663,127.070594
2021,2,4,강남구청,7호선,3415,318665,98367,115621,268471,81246,37.517324,127.041203
2021,2,4,논현,7호선,3568,376545,113801,139369,344341,113026,37.511093,127.021415
2021,2,4,청담,7호선,6921,414839,107766,136673,315055,75737,37.519365,127.05335
2021,2,4,학동,7호선,4401,494278,113175,142389,401064,88688,37.514229,127.031656
2021,2,4,신논현,9호선,5130,435536,221202,263343,534747,190737,37.504598,127.02506
2021,2,4,봉은사,9호선2~3단계,2544,258699,102239,118727,257578,59055,37.514219,127.060245
2021,2,4,삼성중앙,9호선2~3단계,1217,119868,36923,44404,113555,26326,37.513011,127.053282
2021,2,4,선정릉,9호선2~3단계,2290,177453,55991,66332,159345,42265,37.510516,127.043838
2021,2,4,언주,9호선2~3단계,1966,173488,62900,73838,159319,38311,37.507287,127.033868
2021,2,4,강남구청,분당선,1992,170020,69837,81301,170687,41319,37.517324,127.041203
2021,2,4,개포동,분당선,1763,64111,27345,34043,57277,19198,37.489116,127.06614
2021,2,4,구룡,분당선,1224,37410,12842,20182,24728,7594,37.486839,127.058856
2021,2,4,대모산입구,분당선,3051,65919,22590,30000,46052,11884,37.491373,127.07272
2021,2,4,도곡,분당선,2358,106134,46619,58224,99640,27273,37.491073,127.055319
2021,2,4,선릉,분당선,2934,320128,93335,102731,234124,55924,37.504571,127.048505
2021,2,4,선정릉,분당선,2242,153507,45090,54431,134824,31456,37.510516,127.043838
2021,2,4,수서,분당선,6459,230009,101835,117647,220892,65324,37.487425,127.1016645
2021,2,4,압구정로데오,분당선,2312,285098,145427,175429,358764,96803,37.527381,127.040534
2021,2,4,한티,분당선,3257,213831,105388,118502,228017,74142,37.496237,127.052873
2021,2,5,강남,2호선,15991,1092583,564491,689118,1300115,527456,37.4974135,127.028008
2021,2,5,삼성(무역센터),2호선,10852,796048,309927,379837,799247,187269,37.508844,127.06316
2021,2,5,선릉,2호선,9275,755342,310171,386114,743779,212615,37.504571,127.048505
2021,2,5,역삼,2호선,10040,868881,271836,328379,742422,186402,37.500622,127.036456
2021,2,5,대청,3호선,4268,148471,60827,80705,131794,43262,37.493514,127.079532
2021,2,5,대치,3호선,2980,151734,80576,98669,159686,70190,37.494612,127.063642
2021,2,5,도곡,3호선,2213,92434,37762,46663,75036,22331,37.491073,127.055319
2021,2,5,매봉,3호선,2192,200412,68723,81949,184585,47596,37.486947,127.046769
2021,2,5,수서,3호선,6868,273574,131650,154300,261619,80106,37.487425,127.1016645
2021,2,5,신사,3호선,4011,404750,219757,275973,509278,175534,37.516334,127.020114
2021,2,5,압구정,3호선,5805,479204,245914,288134,505094,132978,37.527072,127.028461
2021,2,5,일원,3호선,3460,158652,77610,87400,110787,31528,37.483681,127.08439
2021,2,5,학여울,3호선,857,33836,21599,26260,29231,7657,37.496663,127.070594
2021,2,5,강남구청,7호선,3329,294349,98357,114735,246040,80106,37.517324,127.041203
2021,2,5,논현,7호선,3613,344228,114323,140001,318735,112037,37.511093,127.021415
2021,2,5,청담,7호선,6827,381012,110391,136745,291209,74621,37.519365,127.05335
2021,2,5,학동,7호선,5148,447411,110861,140175,362054,85837,37.514229,127.031656
2021,2,5,신논현,9호선,5103,402631,230995,276773,516825,197033,37.504598,127.02506
2021,2,5,봉은사,9호선2~3단계,2491,242629,115581,134635,252810,61781,37.514219,127.060245
2021,2,5,삼성중앙,9호선2~3단계,1242,108447,36290,44486,104584,26758,37.513011,127.053282
2021,2,5,선정릉,9호선2~3단계,2224,160769,56782,65409,149239,41884,37.510516,127.043838
2021,2,5,언주,9호선2~3단계,2083,159871,64984,75000,148163,37227,37.507287,127.033868
2021,2,5,강남구청,분당선,2309,157963,69785,81189,158058,41972,37.517324,127.041203
2021,2,5,개포동,분당선,1870,61001,27806,33746,55275,19599,37.489116,127.06614
2021,2,5,구룡,분당선,1351,33987,13398,18589,24361,7979,37.486839,127.058856
2021,2,5,대모산입구,분당선,3133,62075,23680,30210,43697,11997,37.491373,127.07272
2021,2,5,도곡,분당선,2329,96708,46391,56832,92772,27695,37.491073,127.055319
2021,2,5,선릉,분당선,3026,293518,91925,100117,213973,55834,37.504571,127.048505
2021,2,5,선정릉,분당선,2306,139043,45271,53501,123393,31253,37.510516,127.043838
2021,2,5,수서,분당선,6483,218642,106291,120806,212998,67531,37.487425,127.1016645
2021,2,5,압구정로데오,분당선,2494,272310,155923,190155,353190,103110,37.527381,127.040534
2021,2,5,한티,분당선,3104,205170,110844,123891,225205,77524,37.496237,127.052873
2021,2,6,강남,2호선,16617,1185939,568531,696196,1377985,535807,37.4974135,127.028008
2021,2,6,삼성(무역센터),2호선,11504,899820,317117,386440,866418,196586,37.508844,127.06316
2021,2,6,선릉,2호선,10132,850375,326500,403219,825881,221639,37.504571,127.048505
2021,2,6,역삼,2호선,10852,985593,285004,339586,830023,194801,37.500622,127.036456
2021,2,6,대청,3호선,4764,163028,60961,85381,140191,44931,37.493514,127.079532
2021,2,6,대치,3호선,3243,162508,78059,100815,163603,72187,37.494612,127.063642
2021,2,6,도곡,3호선,2339,98919,36875,45122,79862,21980,37.491073,127.055319
2021,2,6,매봉,3호선,2391,222998,70330,83286,200672,49279,37.486947,127.046769
2021,2,6,수서,3호선,7583,293755,128654,154348,269988,79748,37.487425,127.1016645
2021,2,6,신사,3호선,4434,444136,215768,270600,532584,175446,37.516334,127.020114
2021,2,6,압구정,3호선,5790,520472,248852,287054,535672,137097,37.527072,127.028461
2021,2,6,일원,3호선,3735,178591,80433,94865,119624,32394,37.483681,127.08439
2021,2,6,학여울,3호선,899,35665,17918,21584,29026,7729,37.496663,127.070594
2021,2,6,강남구청,7호선,3432,322868,98002,114569,265616,82669,37.517324,127.041203
2021,2,6,논현,7호선,3898,377672,114309,138759,344555,115343,37.511093,127.021415
2021,2,6,청담,7호선,7173,415908,106738,135920,313299,76446,37.519365,127.05335
2021,2,6,학동,7호선,5073,499153,112905,141983,403420,88621,37.514229,127.031656
2021,2,6,신논현,9호선,4920,442056,228812,273801,544362,202621,37.504598,127.02506
2021,2,6,봉은사,9호선2~3단계,2588,272836,112630,132666,270765,64034,37.514219,127.060245
2021,2,6,삼성중앙,9호선2~3단계,1283,121791,37361,45596,114976,27066,37.513011,127.053282
2021,2,6,선정릉,9호선2~3단계,2397,180291,57816,66692,161958,43836,37.510516,127.043838
2021,2,6,언주,9호선2~3단계,2175,179585,67365,78780,164517,37714,37.507287,127.033868
2021,2,6,강남구청,분당선,2426,174269,70607,83010,171537,42600,37.517324,127.041203
2021,2,6,개포동,분당선,2050,65453,27416,34457,58071,20100,37.489116,127.06614
2021,2,6,구룡,분당선,1589,39796,12569,21572,25846,8739,37.486839,127.058856
2021,2,6,대모산입구,분당선,3156,65187,22861,30708,45430,12446,37.491373,127.07272
2021,2,6,도곡,분당선,2689,109726,47648,59914,100661,28850,37.491073,127.055319
2021,2,6,선릉,분당선,3090,332854,96220,102963,236521,57853,37.504571,127.048505
2021,2,6,선정릉,분당선,2204,153779,45456,54621,134278,30885,37.510516,127.043838
2021,2,6,수서,분당선,6756,233230,103935,119410,218981,65642,37.487425,127.1016645
2021,2,6,압구정로데오,분당선,2730,286496,149158,183341,361835,103874,37.527381,127.040534
2021,2,6,한티,분당선,3449,221543,110847,124822,233543,79611,37.496237,127.052873
2021,3,7,강남,2호선,16468,1120916,547654,644138,1215885,390672,37.4974135,127.028008
2021,3,7,삼성(무역센터),2호선,10485,760833,257664,315761,711955,139899,37.508844,127.06316
2021,3,7,선릉,2호선,9997,782264,296739,366438,749389,175250,37.504571,127.048505
2021,3,7,역삼,2호선,10690,879884,255305,308029,744385,149370,37.500622,127.036456
2021,3,7,대청,3호선,4430,154256,60561,73019,129049,35539,37.493514,127.079532
2021,3,7,대치,3호선,3157,158254,80430,88442,151471,64027,37.494612,127.063642
2021,3,7,도곡,3호선,2026,89180,33713,38661,73025,17436,37.491073,127.055319
2021,3,7,매봉,3호선,2310,208674,64001,74856,186907,39313,37.486947,127.046769
2021,3,7,수서,3호선,7286,264268,114663,131165,244158,62114,37.487425,127.1016645
2021,3,7,신사,3호선,4194,418900,198915,242083,467360,127360,37.516334,127.020114
2021,3,7,압구정,3호선,5374,491435,234324,258734,486816,106809,37.527072,127.028461
2021,3,7,일원,3호선,3559,162815,74970,79522,108013,25630,37.483681,127.08439
2021,3,7,학여울,3호선,883,30729,12251,14365,25688,6183,37.496663,127.070594
2021,3,7,강남구청,7호선,3494,297396,90938,103046,241507,65940,37.517324,127.041203
2021,3,7,논현,7호선,3679,355657,107588,129959,315089,89140,37.511093,127.021415
2021,3,7,청담,7호선,6790,375683,94672,120532,281759,60665,37.519365,127.05335
2021,3,7,학동,7호선,4622,460559,98700,126423,374682,72654,37.514229,127.031656
2021,3,7,신논현,9호선,4511,408254,212468,248109,477997,146149,37.504598,127.02506
2021,3,7,봉은사,9호선2~3단계,2747,236311,96186,112008,235108,47888,37.514219,127.060245
2021,3,7,삼성중앙,9호선2~3단계,1321,108717,34037,41245,102508,20794,37.513011,127.053282
2021,3,7,선정릉,9호선2~3단계,2446,163823,51246,58042,147486,34643,37.510516,127.043838
2021,3,7,언주,9호선2~3단계,2195,170290,62083,71183,155046,32448,37.507287,127.033868
2021,3,7,강남구청,분당선,2264,161401,65349,72729,153833,33559,37.517324,127.041203
2021,3,7,개포동,분당선,2046,60476,24371,29880,52469,15083,37.489116,127.06614
2021,3,7,구룡,분당선,1688,32355,12530,16352,21731,4659,37.486839,127.058856
2021,3,7,대모산입구,분당선,3121,57325,20322,25987,40388,9450,37.491373,127.07272
2021,3,7,도곡,분당선,2563,101400,43254,52255,92540,23203,37.491073,127.055319
2021,3,7,선릉,분당선,2978,302915,87575,92317,214142,45363,37.504571,127.048505
2021,3,7,선정릉,분당선,2127,141140,40170,48278,122163,24271,37.510516,127.043838
2021,3,7,수서,분당선,6301,210068,91644,102746,198765,52672,37.487425,127.1016645
2021,3,7,압구정로데오,분당선,2621,262916,133155,154954,316059,76892,37.527381,127.040534
2021,3,7,한티,분당선,3343,216093,111595,113067,220579,72408,37.496237,127.052873
2021,3,8,강남,2호선,15495,1029548,535358,618933,1160044,334483,37.4974135,127.028008
2021,3,8,삼성(무역센터),2호선,9701,715446,268198,329416,703854,126918,37.508844,127.06316
2021,3,8,선릉,2호선,9096,723638,286428,352048,704597,153974,37.504571,127.048505
2021,3,8,역삼,2호선,9995,818089,249074,297737,703229,130314,37.500622,127.036456
2021,3,8,대청,3호선,3901,143915,59053,73482,124664,33410,37.493514,127.079532
2021,3,8,대치,3호선,3012,148731,78643,88522,148954,63833,37.494612,127.063642
2021,3,8,도곡,3호선,1776,81764,32133,36906,66951,15635,37.491073,127.055319
2021,3,8,매봉,3호선,2095,192222,62628,73463,174419,34616,37.486947,127.046769
2021,3,8,수서,3호선,6658,248360,112374,132084,234628,57564,37.487425,127.1016645
2021,3,8,신사,3호선,3894,391188,199529,239371,448425,112101,37.516334,127.020114
2021,3,8,압구정,3호선,4942,452199,225049,250612,457769,96915,37.527072,127.028461
2021,3,8,일원,3호선,3285,153440,72868,79412,105249,24601,37.483681,127.08439
2021,3,8,학여울,3호선,854,26870,9739,12452,23575,5560,37.496663,127.070594
2021,3,8,강남구청,7호선,3508,278911,88613,101013,231231,58508,37.517324,127.041203
2021,3,8,논현,7호선,3452,328685,104809,126620,297611,79077,37.511093,127.021415
2021,3,8,청담,7호선,6068,347198,91158,115165,264777,55290,37.519365,127.05335
2021,3,8,학동,7호선,4433,419081,94752,120875,346832,65150,37.514229,127.031656
2021,3,8,신논현,9호선,3999,382606,212288,243869,453232,127656,37.504598,127.02506
2021,3,8,봉은사,9호선2~3단계,2596,225242,99776,115084,231254,43419,37.514219,127.060245
2021,3,8,삼성중앙,9호선2~3단계,1186,101913,33392,39481,97681,18584,37.513011,127.053282
2021,3,8,선정릉,9호선2~3단계,2140,153747,50283,55738,138967,31709,37.510516,127.043838
2021,3,8,언주,9호선2~3단계,1999,159235,58564,68244,147749,29543,37.507287,127.033868
2021,3,8,강남구청,분당선,1929,150018,64745,72713,146545,29556,37.517324,127.041203
2021,3,8,개포동,분당선,1789,56560,23434,29009,48407,13312,37.489116,127.06614
2021,3,8,구룡,분당선,1539,29697,11233,17094,19903,4834,37.486839,127.058856
2021,3,8,대모산입구,분당선,2804,58844,23798,28031,43252,10588,37.491373,127.07272
2021,3,8,도곡,분당선,2412,94757,42142,50690,88542,20535,37.491073,127.055319
2021,3,8,선릉,분당선,2684,276833,84487,88827,198168,39384,37.504571,127.048505
2021,3,8,선정릉,분당선,2089,129960,39025,45706,114668,21586,37.510516,127.043838
2021,3,8,수서,분당선,5673,196951,90386,103749,191498,49832,37.487425,127.1016645
2021,3,8,압구정로데오,분당선,2436,244471,136640,156933,305624,67146,37.527381,127.040534
2021,3,8,한티,분당선,3145,204459,111447,113449,216848,70917,37.496237,127.052873
2021,3,9,강남,2호선,14175,966615,503941,604149,1111806,356953,37.4974135,127.028008
2021,3,9,삼성(무역센터),2호선,9522,691576,264107,328631,675173,134755,37.508844,127.06316
2021,3,9,선릉,2호선,8764,694023,277915,350120,665218,156478,37.504571,127.048505
2021,3,9,역삼,2호선,9239,780602,246135,297818,665536,141001,37.500622,127.036456
2021,3,9,대청,3호선,3738,142279,59329,79914,123635,36210,37.493514,127.079532
2021,3,9,대치,3호선,2884,141707,76608,94403,148382,64121,37.494612,127.063642
2021,3,9,도곡,3호선,1865,80229,32422,39595,64867,16679,37.491073,127.055319
2021,3,9,매봉,3호선,1869,185969,63774,77207,167129,37063,37.486947,127.046769
2021,3,9,수서,3호선,6335,244985,115745,138594,227704,60613,37.487425,127.1016645
2021,3,9,신사,3호선,3759,374139,196123,242304,441836,120381,37.516334,127.020114
2021,3,9,압구정,3호선,4991,435532,224935,260170,447196,102323,37.527072,127.028461
2021,3,9,일원,3호선,3204,152408,72792,83876,104202,26474,37.483681,127.08439
2021,3,9,학여울,3호선,804,29869,17257,19906,25352,5818,37.496663,127.070594
2021,3,9,강남구청,7호선,3325,268147,88538,104447,223109,60456,37.517324,127.041203
2021,3,9,논현,7호선,3349,313394,103347,128026,284790,82368,37.511093,127.021415
2021,3,9,청담,7호선,6021,334929,93294,118088,253812,57903,37.519365,127.05335
2021,3,9,학동,7호선,3825,399796,95678,123148,325734,64290,37.514229,127.031656
2021,3,9,신논현,9호선,4060,364716,205589,241823,439995,136439,37.504598,127.02506
2021,3,9,봉은사,9호선2~3단계,2696,214538,92498,110986,215768,43898,37.514219,127.060245
2021,3,9,삼성중앙,9호선2~3단계,1056,97628,32925,40713,91577,19320,37.513011,127.053282
2021,3,9,선정릉,9호선2~3단계,2133,148468,51030,59684,131932,32720,37.510516,127.043838
2021,3,9,언주,9호선2~3단계,1861,152292,57566,67759,138172,29974,37.507287,127.033868
2021,3,9,강남구청,분당선,1734,144959,64016,74799,142435,30512,37.517324,127.041203
2021,3,9,개포동,분당선,1850,57119,25393,31063,49057,15855,37.489116,127.06614
2021,3,9,구룡,분당선,1416,32584,11351,18832,22102,6194,37.486839,127.058856
2021,3,9,대모산입구,분당선,2925,63294,26814,31419,48584,13220,37.491373,127.07272
2021,3,9,도곡,분당선,2273,93406,42416,54041,85507,21293,37.491073,127.055319
2021,3,9,선릉,분당선,2664,267654,82676,90480,189510,41150,37.504571,127.048505
2021,3,9,선정릉,분당선,1986,123952,39534,48571,107938,21966,37.510516,127.043838
2021,3,9,수서,분당선,5643,193639,92443,106605,185254,51544,37.487425,127.1016645
2021,3,9,압구정로데오,분당선,2256,237220,135128,162427,303874,72483,37.527381,127.040534
2021,3,9,한티,분당선,2961,196782,109042,118312,216056,72776,37.496237,127.052873
2021,4,10,강남,2호선,15031,1040035,560099,674533,1235514,463136,37.4974135,127.028008
2021,4,10,삼성(무역센터),2호선,10153,765131,317927,390303,765073,168395,37.508844,127.06316
2021,4,10,선릉,2호선,9299,750044,317011,394526,731456,191137,37.504571,127.048505
2021,4,10,역삼,2호선,9767,846646,277318,328643,727314,172941,37.500622,127.036456
2021,4,10,대청,3호선,4092,154396,66996,84266,133151,41676,37.493514,127.079532
2021,4,10,대치,3호선,3080,151653,82658,99781,154942,68818,37.494612,127.063642
2021,4,10,도곡,3호선,1963,87832,37962,44863,71515,19252,37.491073,127.055319
2021,4,10,매봉,3호선,2088,195872,71937,84475,178299,44023,37.486947,127.046769
2021,4,10,수서,3호선,7148,273802,136722,157995,258239,72943,37.487425,127.1016645
2021,4,10,신사,3호선,4169,405678,227352,283280,498479,156575,37.516334,127.020114
2021,4,10,압구정,3호선,5216,467642,247959,288972,481243,119901,37.527072,127.028461
2021,4,10,일원,3호선,3248,159778,79641,89556,109732,28890,37.483681,127.08439
2021,4,10,학여울,3호선,800,34667,22607,26024,29838,7263,37.496663,127.070594
2021,4,10,강남구청,7호선,3267,291486,102124,119599,242325,72992,37.517324,127.041203
2021,4,10,논현,7호선,3414,335061,113513,141695,308649,99937,37.511093,127.021415
2021,4,10,청담,7호선,6771,367175,108395,135471,278923,66537,37.519365,127.05335
2021,4,10,학동,7호선,4359,430894,113536,143650,351097,76365,37.514229,127.031656
2021,4,10,신논현,9호선,4291,397578,230020,273522,493861,174395,37.504598,127.02506
2021,4,10,봉은사,9호선2~3단계,2769,238076,114297,136916,243461,53482,37.514219,127.060245
2021,4,10,삼성중앙,9호선2~3단계,1145,105597,37103,45417,100453,23722,37.513011,127.053282
2021,4,10,선정릉,9호선2~3단계,2324,161580,59369,67422,145631,39183,37.510516,127.043838
2021,4,10,언주,9호선2~3단계,1945,165466,68240,79789,152219,34879,37.507287,127.033868
2021,4,10,강남구청,분당선,2012,156346,72235,84317,154982,36693,37.517324,127.041203
2021,4,10,개포동,분당선,1988,64319,28622,35198,53263,18495,37.489116,127.06614
2021,4,10,구룡,분당선,1551,37801,14340,20738,23522,6210,37.486839,127.058856
2021,4,10,대모산입구,분당선,3276,72048,32029,37395,54350,16588,37.491373,127.07272
2021,4,10,도곡,분당선,2466,102265,48744,60906,92594,24733,37.491073,127.055319
2021,4,10,선릉,분당선,2928,289323,94251,101122,206734,48872,37.504571,127.048505
2021,4,10,선정릉,분당선,2105,134106,45043,53777,116910,26258,37.510516,127.043838
2021,4,10,수서,분당선,6207,219728,109265,122487,211819,62643,37.487425,127.1016645
2021,4,10,압구정로데오,분당선,2448,263004,156098,189467,345460,99815,37.527381,127.040534
2021,4,10,한티,분당선,3199,210181,118489,126930,224710,78953,37.496237,127.052873
2021,4,11,강남,2호선,20104,1177318,575158,710317,1453644,538728,37.4974135,127.028008
2021,4,11,삼성(무역센터),2호선,13479,918030,342537,427423,922475,200768,37.508844,127.06316
2021,4,11,선릉,2호선,11033,870750,337842,425004,858390,217079,37.504571,127.048505
2021,4,11,역삼,2호선,10139,1016350,294853,358381,874799,198673,37.500622,127.036456
2021,4,11,대청,3호선,4425,170008,64875,86862,148812,43591,37.493514,127.079532
2021,4,11,대치,3호선,3199,160363,82409,107501,168375,64083,37.494612,127.063642
2021,4,11,도곡,3호선,3167,98592,40168,48376,81699,20597,37.491073,127.055319
2021,4,11,매봉,3호선,2451,220986,75056,89201,203614,46746,37.486947,127.046769
2021,4,11,수서,3호선,7965,297854,138030,161203,279933,76489,37.487425,127.1016645
2021,4,11,신사,3호선,4804,454889,227873,288095,558094,164378,37.516334,127.020114
2021,4,11,압구정,3호선,6667,515271,254927,302996,546299,126771,37.527072,127.028461
2021,4,11,일원,3호선,3382,176692,85384,97834,122947,30640,37.483681,127.08439
2021,4,11,학여울,3호선,845,38642,22654,27239,32791,7487,37.496663,127.070594
2021,4,11,강남구청,7호선,3939,326280,103379,123553,275854,76921,37.517324,127.041203
2021,4,11,논현,7호선,4419,377761,114248,144918,351627,106642,37.511093,127.021415
2021,4,11,청담,7호선,8035,419299,114171,143881,320758,71882,37.519365,127.05335
2021,4,11,학동,7호선,5367,501386,120821,155287,414555,83567,37.514229,127.031656
2021,4,11,신논현,9호선,6241,448764,230581,280951,572455,195776,37.504598,127.02506
2021,4,11,봉은사,9호선2~3단계,2861,281071,124789,150645,290656,62741,37.514219,127.060245
2021,4,11,삼성중앙,9호선2~3단계,1218,123460,38353,48762,118761,25664,37.513011,127.053282
2021,4,11,선정릉,9호선2~3단계,2285,185617,60353,69948,165930,41266,37.510516,127.043838
2021,4,11,언주,9호선2~3단계,2288,188862,70843,85290,178137,37623,37.507287,127.033868
2021,4,11,강남구청,분당선,2849,179029,76277,89530,182918,40345,37.517324,127.041203
2021,4,11,개포동,분당선,1994,67729,29098,36011,58036,17687,37.489116,127.06614
2021,4,11,구룡,분당선,1705,39264,13726,21020,26378,8466,37.486839,127.058856
2021,4,11,대모산입구,분당선,3330,80009,31849,37897,60344,17777,37.491373,127.07272
2021,4,11,도곡,분당선,2972,110643,51195,66074,104100,26038,37.491073,127.055319
2021,4,11,선릉,분당선,3690,342386,100624,108829,243970,54119,37.504571,127.048505
2021,4,11,선정릉,분당선,2578,154320,47449,56733,135716,27435,37.510516,127.043838
2021,4,11,수서,분당선,6615,241091,111347,126562,229468,66473,37.487425,127.1016645
2021,4,11,압구정로데오,분당선,3712,288221,147431,186378,383281,93976,37.527381,127.040534
2021,4,11,한티,분당선,3542,222009,119416,135617,246841,76443,37.496237,127.052873
2021,4,12,강남,2호선,17680,1137321,585107,746847,1395484,481997,37.4974135,127.028008
2021,4,12,삼성(무역센터),2호선,11912,877687,361085,469636,926116,200927,37.508844,127.06316
2021,4,12,선릉,2호선,10225,848438,337171,429514,826283,210485,37.504571,127.048505
2021,4,12,역삼,2호선,10308,981398,298269,372703,846998,191303,37.500622,127.036456
2021,4,12,대청,3호선,4304,161675,66298,86171,145084,43329,37.493514,127.079532
2021,4,12,대치,3호선,2976,150404,79182,105363,158322,55267,37.494612,127.063642
2021,4,12,도곡,3호선,2270,92671,38432,46207,77442,20015,37.491073,127.055319
2021,4,12,매봉,3호선,2271,215781,72226,89531,200850,46712,37.486947,127.046769
2021,4,12,수서,3호선,7268,285632,137294,164005,273691,74714,37.487425,127.1016645
2021,4,12,신사,3호선,4364,452091,234273,303182,559929,160351,37.516334,127.020114
2021,4,12,압구정,3호선,5684,516802,263244,316774,567748,131643,37.527072,127.028461
2021,4,12,일원,3호선,3173,171208,84023,96445,120595,30072,37.483681,127.08439
2021,4,12,학여울,3호선,839,34482,17699,21190,29328,7026,37.496663,127.070594
2021,4,12,강남구청,7호선,3493,318842,103093,127541,274621,75982,37.517324,127.041203
2021,4,12,논현,7호선,4063,372958,117497,151851,345056,101974,37.511093,127.021415
2021,4,12,청담,7호선,6979,410519,112120,147150,313289,71298,37.519365,127.05335
2021,4,12,학동,7호선,4829,496755,121365,161407,409958,83871,37.514229,127.031656
2021,4,12,신논현,9호선,5232,438272,240870,301812,565059,184433,37.504598,127.02506
2021,4,12,봉은사,9호선2~3단계,2740,269432,130974,164347,296350,67230,37.514219,127.060245
2021,4,12,삼성중앙,9호선2~3단계,1225,119102,39560,49929,115846,25619,37.513011,127.053282
2021,4,12,선정릉,9호선2~3단계,2249,179262,59762,70585,161163,39971,37.510516,127.043838
2021,4,12,언주,9호선2~3단계,2283,185900,72810,89596,178282,38308,37.507287,127.033868
2021,4,12,강남구청,분당선,2648,173545,78358,94282,184386,39885,37.517324,127.041203
2021,4,12,개포동,분당선,1792,64096,28161,36156,55261,17219,37.489116,127.06614
2021,4,12,구룡,분당선,1451,38046,14156,22589,24505,6864,37.486839,127.058856
2021,4,12,대모산입구,분당선,2998,76140,31704,37863,58956,18410,37.491373,127.07272
2021,4,12,도곡,분당선,2813,109603,51708,64585,101704,26787,37.491073,127.055319
2021,4,12,선릉,분당선,3336,337080,100151,111859,236943,54379,37.504571,127.048505
2021,4,12,선정릉,분당선,2460,150274,46379,58200,132508,27504,37.510516,127.043838
2021,4,12,수서,분당선,6182,230122,110516,128292,224207,64014,37.487425,127.1016645
2021,4,12,압구정로데오,분당선,2917,288069,154870,199520,397270,101179,37.527381,127.040534
2021,4,12,한티,분당선,3268,215153,114738,134930,237301,70234,37.496237,127.052873
2022,1,1,강남,2호선,15131,1128475,611200,757998,1353366,475275,37.4974135,127.028008
2022,1,1,삼성(무역센터),2호선,9526,812881,311547,396843,838839,176400,37.508844,127.06316
2022,1,1,선릉,2호선,8897,780576,305703,392517,782659,202932,37.504571,127.048505
2022,1,1,역삼,2호선,9511,935225,283978,349351,815525,189429,37.500622,127.036456
2022,1,1,대청,3호선,4233,146823,64466,76717,138458,43500,37.493514,127.079532
2022,1,1,대치,3호선,2946,163867,95056,103571,166585,70514,37.494612,127.063642
2022,1,1,도곡,3호선,1706,86593,36551,42074,74016,20688,37.491073,127.055319
2022,1,1,매봉,3호선,2070,201543,69161,83481,189109,44985,37.486947,127.046769
2022,1,1,수서,3호선,6542,263355,131237,152289,254931,74276,37.487425,127.1016645
2022,1,1,신사,3호선,3679,433445,238318,306382,540583,151483,37.516334,127.020114
2022,1,1,압구정,3호선,4856,493226,264527,306262,532479,123276,37.527072,127.028461
2022,1,1,일원,3호선,3077,153402,80944,90550,114317,30950,37.483681,127.08439
2022,1,1,학여울,3호선,753,29953,13854,17871,25539,6934,37.496663,127.070594
2022,1,1,강남구청,7호선,2978,297271,97108,115469,254326,72429,37.517324,127.041203
2022,1,1,논현,7호선,3177,347928,116204,145581,320740,98678,37.511093,127.021415
2022,1,1,청담,7호선,5982,378392,106594,131834,290062,67340,37.519365,127.05335
2022,1,1,학동,7호선,3856,460383,110888,144770,379721,79392,37.514229,127.031656
2022,1,1,신논현,9호선,4130,421559,243796,298041,531892,175521,37.504598,127.02506
2022,1,1,봉은사,9호선2~3단계,2492,248109,112571,134303,260807,57658,37.514219,127.060245
2022,1,1,삼성중앙,9호선2~3단계,1104,111823,37094,45634,109405,25887,37.513011,127.053282
2022,1,1,선정릉,9호선2~3단계,1854,166994,55608,64494,150409,38455,37.510516,127.043838
2022,1,1,언주,9호선2~3단계,1971,178213,66739,80880,167219,37672,37.507287,127.033868
2022,1,1,강남구청,분당선,2275,161888,71817,85143,169105,39850,37.517324,127.041203
2022,1,1,개포동,분당선,1575,57842,27911,33200,52450,17000,37.489116,127.06614
2022,1,1,구룡,분당선,1198,29964,13246,18140,22475,5997,37.486839,127.058856
2022,1,1,대모산입구,분당선,2547,70936,32591,35735,56630,19254,37.491373,127.07272
2022,1,1,도곡,분당선,2564,100912,50046,59600,98256,26978,37.491073,127.055319
2022,1,1,선릉,분당선,2757,311252,91435,102567,224204,52422,37.504571,127.048505
2022,1,1,선정릉,분당선,2088,140286,42960,52610,125373,26529,37.510516,127.043838
2022,1,1,수서,분당선,5846,213206,105359,118285,206782,62415,37.487425,127.1016645
2022,1,1,압구정로데오,분당선,2209,273708,153311,194163,369900,95392,37.527381,127.040534
2022,1,1,한티,분당선,3102,219146,129521,132479,244799,82383,37.496237,127.052873
2022,1,2,강남,2호선,13823,944246,515096,631408,1105239,381547,37.4974135,127.028008
2022,1,2,삼성(무역센터),2호선,8919,667600,269483,335165,692843,145733,37.508844,127.06316
2022,1,2,선릉,2호선,8038,647905,265217,333140,657754,159237,37.504571,127.048505
2022,1,2,역삼,2호선,8632,765972,242640,291493,671256,154418,37.500622,127.036456
2022,1,2,대청,3호선,3684,127442,56520,65984,117680,35478,37.493514,127.079532
2022,1,2,대치,3호선,2550,133254,79721,88366,140068,58288,37.494612,127.063642
2022,1,2,도곡,3호선,1578,73756,31706,35810,62163,16640,37.491073,127.055319
2022,1,2,매봉,3호선,1743,169442,58785,69366,156892,36221,37.486947,127.046769
2022,1,2,수서,3호선,5669,223072,113390,129290,218058,60606,37.487425,127.1016645
2022,1,2,신사,3호선,3180,366402,205040,259029,449294,124662,37.516334,127.020114
2022,1,2,압구정,3호선,4156,421317,222086,256913,440211,99651,37.527072,127.028461
2022,1,2,일원,3호선,2599,133309,70603,77108,96443,24921,37.483681,127.08439
2022,1,2,학여울,3호선,674,28058,18816,21185,23547,5562,37.496663,127.070594
2022,1,2,강남구청,7호선,2710,255489,87274,99413,212445,59041,37.517324,127.041203
2022,1,2,논현,7호선,2911,295545,100450,124102,269190,79625,37.511093,127.021415
2022,1,2,청담,7호선,5506,324671,92146,112951,247790,55931,37.519365,127.05335
2022,1,2,학동,7호선,3334,387680,96416,124336,318788,64657,37.514229,127.031656
2022,1,2,신논현,9호선,3544,353095,206659,248976,435965,141308,37.504598,127.02506
2022,1,2,봉은사,9호선2~3단계,2275,213918,102676,120950,224867,47561,37.514219,127.060245
2022,1,2,삼성중앙,9호선2~3단계,903,94721,32411,39131,91865,21110,37.513011,127.053282
2022,1,2,선정릉,9호선2~3단계,1589,141090,47764,54963,127094,30910,37.510516,127.043838
2022,1,2,언주,9호선2~3단계,1854,150655,58753,69377,139320,31348,37.507287,127.033868
2022,1,2,강남구청,분당선,1747,141164,66382,73371,138291,32251,37.517324,127.041203
2022,1,2,개포동,분당선,1442,50390,24502,28295,44096,14083,37.489116,127.06614
2022,1,2,구룡,분당선,1059,26320,11490,16230,19280,4906,37.486839,127.058856
2022,1,2,대모산입구,분당선,2256,61546,28019,30401,49306,15607,37.491373,127.07272
2022,1,2,도곡,분당선,2304,87590,42445,51256,81751,21765,37.491073,127.055319
2022,1,2,선릉,분당선,2403,255599,79019,85721,186431,39575,37.504571,127.048505
2022,1,2,선정릉,분당선,1620,118200,38502,44782,105725,21620,37.510516,127.043838
2022,1,2,수서,분당선,5234,181617,91358,101453,176421,52036,37.487425,127.1016645
2022,1,2,압구정로데오,분당선,1940,238904,133454,166340,305846,77434,37.527381,127.040534
2022,1,2,한티,분당선,2710,184219,109046,111117,204497,65911,37.496237,127.052873
2022,1,3,강남,2호선,15931,1050504,507651,631883,1201611,468259,37.4974135,127.028008
2022,1,3,삼성(무역센터),2호선,12842,757272,278151,346728,737515,171120,37.508844,127.06316
2022,1,3,선릉,2호선,9561,744204,286274,365552,731796,194746,37.504571,127.048505
2022,1,3,역삼,2호선,9732,869880,256183,305568,727436,169441,37.500622,127.036456
2022,1,3,대청,3호선,4493,148810,58407,77332,130531,40140,37.493514,127.079532
2022,1,3,대치,3호선,2962,149677,74452,95528,154111,67850,37.494612,127.063642
2022,1,3,도곡,3호선,2849,85727,33002,41099,69325,18804,37.491073,127.055319
2022,1,3,매봉,3호선,2287,192634,62320,74515,170542,40448,37.486947,127.046769
2022,1,3,수서,3호선,7037,255995,119849,142759,239966,67043,37.487425,127.1016645
2022,1,3,신사,3호선,3700,410262,209045,260544,487178,154398,37.516334,127.020114
2022,1,3,압구정,3호선,5895,470047,225524,264479,472654,108049,37.527072,127.028461
2022,1,3,일원,3호선,3046,159757,75211,87551,109789,28190,37.483681,127.08439
2022,1,3,학여울,3호선,747,32554,24350,30872,30705,6565,37.496663,127.070594
2022,1,3,강남구청,7호선,3215,288137,91598,106658,234979,70464,37.517324,127.041203
2022,1,3,논현,7호선,3500,333647,105921,129935,300971,94360,37.511093,127.021415
2022,1,3,청담,7호선,7148,371931,100371,126115,280198,64915,37.519365,127.05335
2022,1,3,학동,7호선,3975,444087,106339,135379,357821,76611,37.514229,127.031656
2022,1,3,신논현,9호선,4561,397739,208954,252260,478877,165671,37.504598,127.02506
2022,1,3,봉은사,9호선2~3단계,2535,242264,104348,124525,238492,52451,37.514219,127.060245
2022,1,3,삼성중앙,9호선2~3단계,1073,107274,34540,42059,100117,23298,37.513011,127.053282
2022,1,3,선정릉,9호선2~3단계,1772,161098,51790,59390,143203,35330,37.510516,127.043838
2022,1,3,언주,9호선2~3단계,2264,166408,60425,71273,149647,33916,37.507287,127.033868
2022,1,3,강남구청,분당선,2366,162253,67773,76319,152623,37282,37.517324,127.041203
2022,1,3,개포동,분당선,1802,59875,26260,33015,51097,16819,37.489116,127.06614
2022,1,3,구룡,분당선,1444,39448,13343,22359,26078,8126,37.486839,127.058856
2022,1,3,대모산입구,분당선,2563,72684,30291,34336,55333,16984,37.491373,127.07272
2022,1,3,도곡,분당선,2901,102475,46867,56815,91501,25188,37.491073,127.055319
2022,1,3,선릉,분당선,2976,291258,83318,92592,208448,47513,37.504571,127.048505
2022,1,3,선정릉,분당선,2163,136254,41469,48959,118471,24618,37.510516,127.043838
2022,1,3,수서,분당선,6613,206453,95037,111375,195587,58554,37.487425,127.1016645
2022,1,3,압구정로데오,분당선,2388,267794,139721,176557,336451,91720,37.527381,127.040534
2022,1,3,한티,분당선,3428,211897,108686,119553,221161,77295,37.496237,127.052873
2022,2,4,강남,2호선,18709,1152234,555142,686488,1372319,529072,37.4974135,127.028008
2022,2,4,삼성(무역센터),2호선,14998,837439,312388,387498,828352,189473,37.508844,127.06316
2022,2,4,선릉,2호선,10834,818580,317135,396827,814321,214112,37.504571,127.048505
2022,2,4,역삼,2호선,10205,958119,279269,332429,811535,185606,37.500622,127.036456
2022,2,4,대청,3호선,4833,165633,64507,86376,141658,45289,37.493514,127.079532
2022,2,4,대치,3호선,3300,163213,80355,103793,159545,67576,37.494612,127.063642
2022,2,4,도곡,3호선,3325,94027,40257,49554,78045,20975,37.491073,127.055319
2022,2,4,매봉,3호선,2572,209602,75329,89997,193526,47609,37.486947,127.046769
2022,2,4,수서,3호선,7801,290043,136086,162389,271063,78829,37.487425,127.1016645
2022,2,4,신사,3호선,4743,439155,230388,283046,543664,169915,37.516334,127.020114
2022,2,4,압구정,3호선,6729,504327,251830,295252,526202,122579,37.527072,127.028461
2022,2,4,일원,3호선,3449,176699,82982,98520,119967,32358,37.483681,127.08439
2022,2,4,학여울,3호선,807,37846,21831,26211,31917,7254,37.496663,127.070594
2022,2,4,강남구청,7호선,3728,312014,98246,116999,259578,76764,37.517324,127.041203
2022,2,4,논현,7호선,4068,363056,113971,141748,333044,105630,37.511093,127.021415
2022,2,4,청담,7호선,8387,405755,111341,139046,308045,70901,37.519365,127.05335
2022,2,4,학동,7호선,4004,477336,116180,147234,388398,81154,37.514229,127.031656
2022,2,4,신논현,9호선,6345,442151,233613,278553,550897,194458,37.504598,127.02506
2022,2,4,봉은사,9호선2~3단계,2715,274127,119470,141689,269330,59462,37.514219,127.060245
2022,2,4,삼성중앙,9호선2~3단계,1161,118343,38550,47786,112908,25581,37.513011,127.053282
2022,2,4,선정릉,9호선2~3단계,2118,179411,58695,67764,161603,39880,37.510516,127.043838
2022,2,4,언주,9호선2~3단계,2487,181335,67882,79456,165886,36581,37.507287,127.033868
2022,2,4,강남구청,분당선,2815,176673,74062,83838,173532,40057,37.517324,127.041203
2022,2,4,개포동,분당선,1904,67906,30777,38195,58145,19644,37.489116,127.06614
2022,2,4,구룡,분당선,1638,44213,15158,23667,28862,8189,37.486839,127.058856
2022,2,4,대모산입구,분당선,2744,81745,33173,37294,60045,19026,37.491373,127.07272
2022,2,4,도곡,분당선,3080,114362,53982,68736,102623,28012,37.491073,127.055319
2022,2,4,선릉,분당선,3413,323991,92764,101974,233896,52500,37.504571,127.048505
2022,2,4,선정릉,분당선,2524,147554,45823,54739,130212,26709,37.510516,127.043838
2022,2,4,수서,분당선,7470,236780,108749,124857,220950,66914,37.487425,127.1016645
2022,2,4,압구정로데오,분당선,3402,288681,156905,196651,383440,99038,37.527381,127.040534
2022,2,4,한티,분당선,3867,226267,115814,128930,231843,80147,37.496237,127.052873
2022,2,5,강남,2호선,25444,1240904,601207,740214,1491516,600046,37.4974135,127.028008
2022,2,5,삼성(무역센터),2호선,16114,933525,354544,435905,924220,217744,37.508844,127.06316
2022,2,5,선릉,2호선,12111,889239,342514,425348,875543,245899,37.504571,127.048505
2022,2,5,역삼,2호선,11763,1046626,300534,359774,865829,210262,37.500622,127.036456
2022,2,5,대청,3호선,5737,178624,71549,93089,152528,52017,37.493514,127.079532
2022,2,5,대치,3호선,3837,178764,91966,115066,178420,79954,37.494612,127.063642
2022,2,5,도곡,3호선,4075,101581,42818,52629,84619,24550,37.491073,127.055319
2022,2,5,매봉,3호선,2866,228609,81215,97077,206337,54558,37.486947,127.046769
2022,2,5,수서,3호선,8986,319503,150108,177971,291726,92505,37.487425,127.1016645
2022,2,5,신사,3호선,6734,469352,252530,305091,584446,190421,37.516334,127.020114
2022,2,5,압구정,3호선,7722,541310,277678,322925,573724,142057,37.527072,127.028461
2022,2,5,일원,3호선,3875,192046,91847,107309,132203,37160,37.483681,127.08439
2022,2,5,학여울,3호선,831,48895,34206,38970,35915,8618,37.496663,127.070594
2022,2,5,강남구청,7호선,4107,333326,105230,124876,276144,85110,37.517324,127.041203
2022,2,5,논현,7호선,5046,386232,120037,148889,354953,118790,37.511093,127.021415
2022,2,5,청담,7호선,9320,433794,123341,150321,328802,80816,37.519365,127.05335
2022,2,5,학동,7호선,4501,504483,125839,157173,410565,89699,37.514229,127.031656
2022,2,5,신논현,9호선,8819,480202,255951,302051,605486,225103,37.504598,127.02506
2022,2,5,봉은사,9호선2~3단계,3268,307722,145819,168802,310492,74399,37.514219,127.060245
2022,2,5,삼성중앙,9호선2~3단계,1389,131610,43201,53434,123095,29429,37.513011,127.053282
2022,2,5,선정릉,9호선2~3단계,2497,194165,65473,72405,174203,46100,37.510516,127.043838
2022,2,5,언주,9호선2~3단계,2996,194185,73405,86547,176429,41257,37.507287,127.033868
2022,2,5,강남구청,분당선,3287,189854,79483,90082,186312,44410,37.517324,127.041203
2022,2,5,개포동,분당선,2220,72892,32871,41912,62246,22412,37.489116,127.06614
2022,2,5,구룡,분당선,1853,46956,15764,25258,32088,10303,37.486839,127.058856
2022,2,5,대모산입구,분당선,3189,89151,36598,41590,65802,22161,37.491373,127.07272
2022,2,5,도곡,분당선,3505,123508,57816,73157,111026,32219,37.491073,127.055319
2022,2,5,선릉,분당선,4001,352749,101074,110112,249973,60858,37.504571,127.048505
2022,2,5,선정릉,분당선,2673,156321,51836,58899,135719,29408,37.510516,127.043838
2022,2,5,수서,분당선,8579,258954,118925,136123,242382,78726,37.487425,127.1016645
2022,2,5,압구정로데오,분당선,4259,308837,168754,207625,409143,109252,37.527381,127.040534
2022,2,5,한티,분당선,4408,247793,130282,145302,257451,90638,37.496237,127.052873
2022,2,6,강남,2호선,40935,1170438,562575,693507,1366863,551608,37.4974135,127.028008
2022,2,6,삼성(무역센터),2호선,18044,915760,369904,462812,926402,220696,37.508844,127.06316
2022,2,6,선릉,2호선,18345,865029,341875,415118,852565,235740,37.504571,127.048505
2022,2,6,역삼,2호선,16802,1028648,305241,362614,862373,203890,37.500622,127.036456
2022,2,6,대청,3호선,5424,175038,68824,91110,148214,49785,37.493514,127.079532
2022,2,6,대치,3호선,3738,172043,87412,113143,171835,74979,37.494612,127.063642
2022,2,6,도곡,3호선,3477,96373,40362,49458,79921,23212,37.491073,127.055319
2022,2,6,매봉,3호선,2744,222088,78914,93393,199535,51520,37.486947,127.046769
2022,2,6,수서,3호선,8781,305814,144320,170230,281607,87730,37.487425,127.1016645
2022,2,6,신사,3호선,6477,426888,228559,275861,517157,173030,37.516334,127.020114
2022,2,6,압구정,3호선,7613,531238,274884,318238,555217,142513,37.527072,127.028461
2022,2,6,일원,3호선,4005,187949,89094,105828,128165,35991,37.483681,127.08439
2022,2,6,학여울,3호선,771,39686,22723,27016,32685,8252,37.496663,127.070594
2022,2,6,강남구청,7호선,6448,328965,104072,122703,275097,82033,37.517324,127.041203
2022,2,6,논현,7호선,8627,348234,105172,129719,318512,108764,37.511093,127.021415
2022,2,6,청담,7호선,9386,419618,120263,146364,320767,77851,37.519365,127.05335
2022,2,6,학동,7호선,6426,486433,122786,151791,401061,85543,37.514229,127.031656
2022,2,6,신논현,9호선,14290,439843,232591,276230,545722,210937,37.504598,127.02506
2022,2,6,봉은사,9호선2~3단계,4581,305208,154239,182287,321813,76600,37.514219,127.060245
2022,2,6,삼성중앙,9호선2~3단계,2491,131488,43295,53416,125942,30036,37.513011,127.053282
2022,2,6,선정릉,9호선2~3단계,3747,192643,63111,71803,172080,45403,37.510516,127.043838
2022,2,6,언주,9호선2~3단계,4177,194304,72403,87171,177634,40331,37.507287,127.033868
2022,2,6,강남구청,분당선,3210,174157,72559,83247,169842,40806,37.517324,127.041203
2022,2,6,개포동,분당선,2152,68711,30858,39664,57831,21310,37.489116,127.06614
2022,2,6,구룡,분당선,1782,43988,14710,24282,27989,8638,37.486839,127.058856
2022,2,6,대모산입구,분당선,3246,83787,33223,39469,62612,20830,37.491373,127.07272
2022,2,6,도곡,분당선,3489,118647,56507,71378,105152,30969,37.491073,127.055319
2022,2,6,선릉,분당선,3762,344586,99305,107743,243329,58129,37.504571,127.048505
2022,2,6,선정릉,분당선,2326,146668,48200,55968,127457,27109,37.510516,127.043838
2022,2,6,수서,분당선,8520,249464,115107,131166,231873,74582,37.487425,127.1016645
2022,2,6,압구정로데오,분당선,4680,298801,161709,198976,389157,104564,37.527381,127.040534
2022,2,6,한티,분당선,4426,239187,126736,143687,246030,86230,37.496237,127.052873
2022,3,7,강남,2호선,45309,1233902,623037,753031,1464929,594639,37.4974135,127.028008
2022,3,7,삼성(무역센터),2호선,18588,961785,420149,525668,1011337,235876,37.508844,127.06316
2022,3,7,선릉,2호선,20045,898711,349938,424150,898043,251039,37.504571,127.048505
2022,3,7,역삼,2호선,18036,1067785,309579,369705,896985,209035,37.500622,127.036456
2022,3,7,대청,3호선,5236,174695,68972,85671,149340,49616,37.493514,127.079532
2022,3,7,대치,3호선,3651,183092,99043,112977,183689,83040,37.494612,127.063642
2022,3,7,도곡,3호선,3092,95354,40399,46407,78661,22228,37.491073,127.055319
2022,3,7,매봉,3호선,2771,225420,77758,92694,205932,52055,37.486947,127.046769
2022,3,7,수서,3호선,8897,308207,148215,167537,287270,88397,37.487425,127.1016645
2022,3,7,신사,3호선,6361,440996,236909,287890,544504,182574,37.516334,127.020114
2022,3,7,압구정,3호선,7641,548518,290197,327599,579430,148374,37.527072,127.028461
2022,3,7,일원,3호선,4134,187858,91908,100126,128690,35486,37.483681,127.08439
2022,3,7,학여울,3호선,739,41894,22762,25573,34669,7985,37.496663,127.070594
2022,3,7,강남구청,7호선,7112,335014,105911,122372,279638,82010,37.517324,127.041203
2022,3,7,논현,7호선,9192,347735,106736,131024,322734,109557,37.511093,127.021415
2022,3,7,청담,7호선,9496,431087,122115,147413,326920,78061,37.519365,127.05335
2022,3,7,학동,7호선,6735,496643,121867,152290,412993,84875,37.514229,127.031656
2022,3,7,신논현,9호선,14960,451862,247582,297231,581675,224280,37.504598,127.02506
2022,3,7,봉은사,9호선2~3단계,5117,327068,182533,217708,359867,86660,37.514219,127.060245
2022,3,7,삼성중앙,9호선2~3단계,2704,136716,46696,55259,133263,31728,37.513011,127.053282
2022,3,7,선정릉,9호선2~3단계,4165,197658,64041,72332,177350,45248,37.510516,127.043838
2022,3,7,언주,9호선2~3단계,4433,205821,75558,90473,187674,42745,37.507287,127.033868
2022,3,7,강남구청,분당선,3086,176343,73444,82456,172601,40503,37.517324,127.041203
2022,3,7,개포동,분당선,2148,71262,33975,40405,59869,22537,37.489116,127.06614
2022,3,7,구룡,분당선,1869,43760,17113,23049,28342,7495,37.486839,127.058856
2022,3,7,대모산입구,분당선,3240,84911,36532,39570,64686,22026,37.491373,127.07272
2022,3,7,도곡,분당선,3483,120637,57592,70234,109402,31583,37.491073,127.055319
2022,3,7,선릉,분당선,3771,357803,103244,109324,253637,60971,37.504571,127.048505
2022,3,7,선정릉,분당선,2404,151983,50479,55337,131400,27026,37.510516,127.043838
2022,3,7,수서,분당선,9459,251049,117750,130874,235452,75285,37.487425,127.1016645
2022,3,7,압구정로데오,분당선,4910,306116,168949,206433,408667,110861,37.527381,127.040534
2022,3,7,한티,분당선,4403,252350,145089,149699,271734,98647,37.496237,127.052873
2022,3,8,강남,2호선,40795,1170361,568380,687082,1370332,529678,37.4974135,127.028008
2022,3,8,삼성(무역센터),2호선,17226,935697,370035,460587,955477,210370,37.508844,127.06316
2022,3,8,선릉,2호선,19398,885740,335525,407189,876585,230344,37.504571,127.048505
2022,3,8,역삼,2호선,17549,1059522,299524,354486,894135,200892,37.500622,127.036456
2022,3,8,대청,3호선,6842,172330,67182,84484,147720,47193,37.493514,127.079532
2022,3,8,대치,3호선,5140,180026,96616,110010,182519,82535,37.494612,127.063642
2022,3,8,도곡,3호선,2942,91766,36823,43845,77271,21106,37.491073,127.055319
2022,3,8,매봉,3호선,3785,218886,71390,85969,201230,47374,37.486947,127.046769
2022,3,8,수서,3호선,11124,298452,142066,162445,278945,83718,37.487425,127.1016645
2022,3,8,신사,3호선,11113,429123,220146,268812,523444,169841,37.516334,127.020114
2022,3,8,압구정,3호선,8787,530093,272755,309107,557867,142117,37.527072,127.028461
2022,3,8,일원,3호선,5348,184093,89940,101711,127004,34201,37.483681,127.08439
2022,3,8,학여울,3호선,1090,40183,28689,33087,33243,8049,37.496663,127.070594
2022,3,8,강남구청,7호선,6659,334087,103361,119681,278349,78488,37.517324,127.041203
2022,3,8,논현,7호선,8341,337617,102345,126983,317366,102286,37.511093,127.021415
2022,3,8,청담,7호선,9363,423824,115643,141879,328740,74829,37.519365,127.05335
2022,3,8,학동,7호선,6493,490635,118304,147121,409413,81745,37.514229,127.031656
2022,3,8,신논현,9호선,13417,421793,224333,269007,541563,203433,37.504598,127.02506
2022,3,8,봉은사,9호선2~3단계,4591,300608,153106,184032,329064,75285,37.514219,127.060245
2022,3,8,삼성중앙,9호선2~3단계,2650,132024,44731,52527,130570,29367,37.513011,127.053282
2022,3,8,선정릉,9호선2~3단계,3935,190505,60864,68881,174138,42756,37.510516,127.043838
2022,3,8,언주,9호선2~3단계,4334,198385,71260,86021,183733,40322,37.507287,127.033868
2022,3,8,강남구청,분당선,2840,171843,72366,79968,170015,38193,37.517324,127.041203
2022,3,8,개포동,분당선,2014,69192,30790,38380,58939,21514,37.489116,127.06614
2022,3,8,구룡,분당선,1808,39325,13679,21834,26754,7495,37.486839,127.058856
2022,3,8,대모산입구,분당선,3299,83769,34825,38837,64325,20946,37.491373,127.07272
2022,3,8,도곡,분당선,3235,118063,54649,66392,108373,29339,37.491073,127.055319
2022,3,8,선릉,분당선,3615,345992,99738,104702,249302,57379,37.504571,127.048505
2022,3,8,선정릉,분당선,2502,153009,50539,55026,131461,26117,37.510516,127.043838
2022,3,8,수서,분당선,8725,243613,114173,127286,231479,71139,37.487425,127.1016645
2022,3,8,압구정로데오,분당선,4716,302798,162020,198270,394496,101898,37.527381,127.040534
2022,3,8,한티,분당선,4228,246421,137469,142076,269786,99386,37.496237,127.052873
2022,3,9,강남,2호선,41100,1099830,523964,654752,1318340,508413,37.4974135,127.028008
2022,3,9,삼성(무역센터),2호선,16574,886269,344648,441066,901555,201282,37.508844,127.06316
2022,3,9,선릉,2호선,19055,846065,328620,410365,829420,217243,37.504571,127.048505
2022,3,9,역삼,2호선,17099,1001312,291231,354760,833503,188014,37.500622,127.036456
2022,3,9,대청,3호선,7118,174810,65993,88347,147432,47651,37.493514,127.079532
2022,3,9,대치,3호선,5577,176642,91037,114277,182973,82692,37.494612,127.063642
2022,3,9,도곡,3호선,3045,90894,37110,47031,75458,20456,37.491073,127.055319
2022,3,9,매봉,3호선,4031,217349,72952,90038,196527,47368,37.486947,127.046769
2022,3,9,수서,3호선,11176,301690,144641,169841,281416,84980,37.487425,127.1016645
2022,3,9,신사,3호선,11357,410815,211081,265677,510850,164266,37.516334,127.020114
2022,3,9,압구정,3호선,8980,521576,265150,313576,553176,139080,37.527072,127.028461
2022,3,9,일원,3호선,5226,185381,88110,105878,128493,34880,37.483681,127.08439
2022,3,9,학여울,3호선,1132,38235,19703,25514,34278,7706,37.496663,127.070594
2022,3,9,강남구청,7호선,6525,326505,101661,125178,273185,77384,37.517324,127.041203
2022,3,9,논현,7호선,8655,325290,100307,128909,310160,102417,37.511093,127.021415
2022,3,9,청담,7호선,9570,412578,115847,147777,319706,75165,37.519365,127.05335
2022,3,9,학동,7호선,5851,473259,119113,154615,389551,78269,37.514229,127.031656
2022,3,9,신논현,9호선,13591,410641,219554,271174,533712,197381,37.504598,127.02506
2022,3,9,봉은사,9호선2~3단계,4514,294830,141871,172767,313825,71102,37.514219,127.060245
2022,3,9,삼성중앙,9호선2~3단계,2653,131251,44012,54345,126205,28054,37.513011,127.053282
2022,3,9,선정릉,9호선2~3단계,4042,190030,62589,72837,170314,42343,37.510516,127.043838
2022,3,9,언주,9호선2~3단계,4003,192844,69816,85631,175453,37962,37.507287,127.033868
2022,3,9,강남구청,분당선,2775,167935,70258,82186,166511,37164,37.517324,127.041203
2022,3,9,개포동,분당선,1959,70632,31663,40392,59089,21873,37.489116,127.06614
2022,3,9,구룡,분당선,1728,46084,15488,24713,29210,8506,37.486839,127.058856
2022,3,9,대모산입구,분당선,3152,86515,34801,41064,64700,20730,37.491373,127.07272
2022,3,9,도곡,분당선,3396,121797,56198,71573,107476,28798,37.491073,127.055319
2022,3,9,선릉,분당선,3466,333546,97339,105738,238079,53631,37.504571,127.048505
2022,3,9,선정릉,분당선,2423,145074,49204,55740,125289,25680,37.510516,127.043838
2022,3,9,수서,분당선,8181,243235,115025,131732,231714,71210,37.487425,127.1016645
2022,3,9,압구정로데오,분당선,4721,287588,156152,196803,383141,97882,37.527381,127.040534
2022,3,9,한티,분당선,4125,239759,129087,146117,262554,93531,37.496237,127.052873
2022,4,10,강남,2호선,42125,1120673,567414,701507,1352320,533023,37.4974135,127.028008
2022,4,10,삼성(무역센터),2호선,18412,909949,386889,482718,929161,215316,37.508844,127.06316
2022,4,10,선릉,2호선,19781,870202,363393,434429,852255,227870,37.504571,127.048505
2022,4,10,역삼,2호선,16639,1015190,307639,361740,850078,198965,37.500622,127.036456
2022,4,10,대청,3호선,7286,179013,72731,92220,155588,50736,37.493514,127.079532
2022,4,10,대치,3호선,5621,181728,98102,117922,185695,83114,37.494612,127.063642
2022,4,10,도곡,3호선,2966,92234,40599,49444,75779,20702,37.491073,127.055319
2022,4,10,매봉,3호선,4151,219255,79081,94586,197821,49397,37.486947,127.046769
2022,4,10,수서,3호선,11277,322243,158762,184548,299294,92283,37.487425,127.1016645
2022,4,10,신사,3호선,12067,424064,244758,304350,540169,177571,37.516334,127.020114
2022,4,10,압구정,3호선,9107,548242,300267,344840,574512,145805,37.527072,127.028461
2022,4,10,일원,3호선,5143,190743,95322,111148,134200,36820,37.483681,127.08439
2022,4,10,학여울,3호선,1173,43151,31142,36001,36714,8111,37.496663,127.070594
2022,4,10,강남구청,7호선,6757,335927,115859,136151,286320,82729,37.517324,127.041203
2022,4,10,논현,7호선,8776,328973,109212,136078,316302,107555,37.511093,127.021415
2022,4,10,청담,7호선,9850,425306,129144,158066,328626,76845,37.519365,127.05335
2022,4,10,학동,7호선,6317,481135,133812,167716,398804,83801,37.514229,127.031656
2022,4,10,신논현,9호선,13782,421966,239701,292927,548719,211795,37.504598,127.02506
2022,4,10,봉은사,9호선2~3단계,4835,311100,162226,195565,324846,76769,37.514219,127.060245
2022,4,10,삼성중앙,9호선2~3단계,2648,132805,47232,56289,126998,29469,37.513011,127.053282
2022,4,10,선정릉,9호선2~3단계,4084,193125,68243,78601,175893,44943,37.510516,127.043838
2022,4,10,언주,9호선2~3단계,4288,198663,77823,93763,181798,40817,37.507287,127.033868
2022,4,10,강남구청,분당선,2902,171512,78240,89852,172257,39935,37.517324,127.041203
2022,4,10,개포동,분당선,2231,72550,33972,42931,60536,22474,37.489116,127.06614
2022,4,10,구룡,분당선,1797,48293,16968,26119,29781,8529,37.486839,127.058856
2022,4,10,대모산입구,분당선,3367,88436,37872,44381,66298,21164,37.491373,127.07272
2022,4,10,도곡,분당선,3589,126860,63523,78572,111430,30962,37.491073,127.055319
2022,4,10,선릉,분당선,3625,339408,106766,112229,241001,56090,37.504571,127.048505
2022,4,10,선정릉,분당선,2491,144321,52098,58048,126936,26483,37.510516,127.043838
2022,4,10,수서,분당선,9154,254358,123421,138765,240392,75429,37.487425,127.1016645
2022,4,10,압구정로데오,분당선,5389,301173,174141,214557,408396,107463,37.527381,127.040534
2022,4,10,한티,분당선,4454,247493,141997,152396,266600,94518,37.496237,127.052873
2022,4,11,강남,2호선,44220,1181577,551638,690692,1409573,518573,37.4974135,127.028008
2022,4,11,삼성(무역센터),2호선,18516,991427,389557,490774,1007452,212433,37.508844,127.06316
2022,4,11,선릉,2호선,20975,945357,364616,451201,919842,232863,37.504571,127.048505
2022,4,11,역삼,2호선,18457,1126477,316148,378746,946271,209002,37.500622,127.036456
2022,4,11,대청,3호선,7714,190329,70527,92950,162031,49459,37.493514,127.079532
2022,4,11,대치,3호선,6096,182480,94626,123348,192094,73503,37.494612,127.063642
2022,4,11,도곡,3호선,3375,98253,40661,51192,82846,20964,37.491073,127.055319
2022,4,11,매봉,3호선,4289,239927,78910,97238,215149,50318,37.486947,127.046769
2022,4,11,수서,3호선,11689,330327,154407,181584,308130,89443,37.487425,127.1016645
2022,4,11,신사,3호선,12376,445857,229960,290347,556811,174264,37.516334,127.020114
2022,4,11,압구정,3호선,9570,566994,286864,339764,595924,144304,37.527072,127.028461
2022,4,11,일원,3호선,5488,201896,97359,114481,140241,36066,37.483681,127.08439
2022,4,11,학여울,3호선,1259,42729,20458,26399,35243,7987,37.496663,127.070594
2022,4,11,강남구청,7호선,7396,357860,111266,134924,304646,82795,37.517324,127.041203
2022,4,11,논현,7호선,9022,349062,105718,135234,339973,105801,37.511093,127.021415
2022,4,11,청담,7호선,9823,452442,126786,161603,351040,75401,37.519365,127.05335
2022,4,11,학동,7호선,6662,522128,130897,168613,437636,85629,37.514229,127.031656
2022,4,11,신논현,9호선,14223,441866,230486,281715,569507,201415,37.504598,127.02506
2022,4,11,봉은사,9호선2~3단계,4751,336832,161083,193977,348638,75324,37.514219,127.060245
2022,4,11,삼성중앙,9호선2~3단계,2908,144077,47152,57695,140239,30472,37.513011,127.053282
2022,4,11,선정릉,9호선2~3단계,4393,207251,69467,78505,186703,44653,37.510516,127.043838
2022,4,11,언주,9호선2~3단계,4489,212364,75852,91858,195143,40483,37.507287,127.033868
2022,4,11,강남구청,분당선,2729,184752,77277,90838,184751,40677,37.517324,127.041203
2022,4,11,개포동,분당선,1996,76060,34333,45229,64422,22618,37.489116,127.06614
2022,4,11,구룡,분당선,1670,49915,16985,27255,31308,9424,37.486839,127.058856
2022,4,11,대모산입구,분당선,3237,93752,37950,43918,70226,21613,37.491373,127.07272
2022,4,11,도곡,분당선,3473,133830,62085,78249,118049,30677,37.491073,127.055319
2022,4,11,선릉,분당선,3633,370996,106178,116249,266240,56982,37.504571,127.048505
2022,4,11,선정릉,분당선,2596,156960,54362,61083,137734,26923,37.510516,127.043838
2022,4,11,수서,분당선,8728,265329,121744,139415,250058,73658,37.487425,127.1016645
2022,4,11,압구정로데오,분당선,4547,312399,164077,207251,413582,101843,37.527381,127.040534
2022,4,11,한티,분당선,4460,250027,136664,157107,276854,89576,37.496237,127.052873
2022,4,12,강남,2호선,48191,1148100,600985,774319,1452136,591846,37.4974135,127.028008
2022,4,12,삼성(무역센터),2호선,20380,955120,458599,601051,1080742,266608,37.508844,127.06316
2022,4,12,선릉,2호선,22337,914313,372274,466563,908477,267347,37.504571,127.048505
2022,4,12,역삼,2호선,19480,1065366,340783,416601,928266,232558,37.500622,127.036456
2022,4,12,대청,3호선,7938,181618,75403,98965,160491,53981,37.493514,127.079532
2022,4,12,대치,3호선,6272,169327,96125,124879,182013,69773,37.494612,127.063642
2022,4,12,도곡,3호선,3541,94541,44489,53747,83405,23641,37.491073,127.055319
2022,4,12,매봉,3호선,4304,229020,83796,103377,215588,57408,37.486947,127.046769
2022,4,12,수서,3호선,12152,318748,161534,193674,310454,99104,37.487425,127.1016645
2022,4,12,신사,3호선,14593,434054,246956,314015,578760,208131,37.516334,127.020114
2022,4,12,압구정,3호선,10276,552962,313584,370416,624399,170542,37.527072,127.028461
2022,4,12,일원,3호선,5773,195092,100578,117895,137022,38785,37.483681,127.08439
2022,4,12,학여울,3호선,1299,41686,25048,29534,34820,8532,37.496663,127.070594
2022,4,12,강남구청,7호선,7450,342206,115462,139415,292126,88447,37.517324,127.041203
2022,4,12,논현,7호선,9664,331736,108319,140421,331934,114014,37.511093,127.021415
2022,4,12,청담,7호선,9934,433189,130296,166121,336212,81818,37.519365,127.05335
2022,4,12,학동,7호선,6484,506437,137108,176814,423540,92210,37.514229,127.031656
2022,4,12,신논현,9호선,15641,424238,254588,318054,593342,232425,37.504598,127.02506
2022,4,12,봉은사,9호선2~3단계,6104,324821,195564,243369,382064,98739,37.514219,127.060245
2022,4,12,삼성중앙,9호선2~3단계,3165,139088,50471,62786,141814,35467,37.513011,127.053282
2022,4,12,선정릉,9호선2~3단계,4533,192945,69218,81104,176291,46723,37.510516,127.043838
2022,4,12,언주,9호선2~3단계,4605,207899,81458,99667,198772,46294,37.507287,127.033868
2022,4,12,강남구청,분당선,2963,175631,79441,95725,183029,45470,37.517324,127.041203
2022,4,12,개포동,분당선,2021,71741,34427,46191,62707,23815,37.489116,127.06614
2022,4,12,구룡,분당선,1547,46861,17576,27240,29187,8435,37.486839,127.058856
2022,4,12,대모산입구,분당선,3255,91107,38199,45891,69901,24654,37.491373,127.07272
2022,4,12,도곡,분당선,3413,127072,63858,80449,117402,33464,37.491073,127.055319
2022,4,12,선릉,분당선,3548,359856,108569,120650,261408,66169,37.504571,127.048505
2022,4,12,선정릉,분당선,2736,149375,54523,63212,133686,29270,37.510516,127.043838
2022,4,12,수서,분당선,8867,255894,124871,145026,250427,80251,37.487425,127.1016645
2022,4,12,압구정로데오,분당선,5681,310303,180327,232018,449446,127815,37.527381,127.040534
2022,4,12,한티,분당선,4247,240167,137737,160205,270141,86640,37.496237,127.052873
